experiment,feature,predicted,fit,ci_low,ci_high
1,blur,2.3442013416692333,2.7189358461826076,2.4073466771219736,3.0212611159034486
1,blur,2.390340096849514,2.7432986701599593,2.4462232824484573,3.028952453627896
1,blur,2.436478852029794,2.7676614941373106,2.4851339914841186,3.0397835548101186
1,blur,2.4826176072100745,2.7920243181146622,2.524066207452015,3.0472342809577024
1,blur,2.5287563623903546,2.8163871420920135,2.563982329875567,3.056629403505433
1,blur,2.574895117570635,2.840749966069365,2.604035153162278,3.068316926691548
1,blur,2.6210338727509157,2.865112790046717,2.6423043862630458,3.08422864212291
1,blur,2.667172627931196,2.889475614024068,2.686050013422956,3.093616038443091
1,blur,2.7133113831114763,2.9138384380014193,2.726474006359664,3.0998606091460146
1,blur,2.759450138291757,2.9382012619787714,2.7642122103888123,3.105003001603601
1,blur,2.805588893472037,2.9625640859561226,2.8047268508527883,3.118038532152519
1,blur,2.8517276486523175,2.986926909933474,2.8394972005009937,3.130426821616838
1,blur,2.8978664038325976,3.011289733910825,2.8771643742041504,3.145423400373547
1,blur,2.944005159012878,3.0356525578881772,2.9121170301663653,3.160285956161743
1,blur,2.9901439141931583,3.0600153818655285,2.9497543329150253,3.1798091977599787
1,blur,3.036282669373439,3.0843782058428797,2.98110334572893,3.195659377100989
1,blur,3.0824214245537194,3.1087410298202314,3.007769055807806,3.216517304887321
1,blur,3.1285601797339995,3.1331038537975826,3.0327778251232504,3.2437919697164643
1,blur,3.17469893491428,3.1574666777749343,3.0519369646020955,3.2723628217202196
1,blur,3.2208376900945606,3.1818295017522855,3.0710775732569213,3.3052526434840175
1,blur,3.2669764452748407,3.206192325729637,3.0892649220417825,3.3418315659449003
1,blur,3.313115200455121,3.230555149706989,3.099687200531703,3.3786791065563118
1,blur,3.3592539556354017,3.25491797368434,3.1124117729681444,3.4160815111693474
1,blur,3.405392710815682,3.2792807976616913,3.129117051571626,3.456252197140185
1,blur,3.451531465995962,3.303643621639043,3.1406362009720534,3.488242629616486
1,blur,3.4976702211762425,3.3280064456163947,3.1543131054531663,3.5254209332510817
1,blur,3.543808976356523,3.352369269593746,3.1640357243706445,3.5661588906197568
1,blur,3.589947731536803,3.376732093571097,3.175770111834267,3.6092095793490477
1,blur,3.6360864867170837,3.4010949175484493,3.1821027454081987,3.652123062946522
1,blur,3.682225241897364,3.4254577415258005,3.1925076516326185,3.6919031251115277
1,blur,3.7283639970776443,3.4498205655031517,3.2002262132817463,3.7323621207462763
1,blur,3.774502752257925,3.4741833894805034,3.209139731794836,3.7778049591644276
1,blur,3.8206415074382054,3.498546213457855,3.2181196881710443,3.8231842061897856
1,blur,3.8667802626184855,3.5229090374352063,3.2271494531367066,3.8674332435662717
1,blur,3.9129190177987656,3.5472718614125576,3.2361792181023685,3.907250271612458
1,blur,3.9590577729790466,3.5716346853899097,3.245208983068031,3.947067299658645
1,blur,4.005196528159327,3.595997509367261,3.2550821290503302,3.986884327704832
1,blur,4.051335283339607,3.620360333344612,3.2654079029498315,4.026628111804656
1,blur,4.097474038519888,3.6447231573219643,3.2757336768493333,4.070531740732766
1,blur,4.143612793700168,3.6690859812993155,3.2860594507488345,4.114592239320329
1,contrast,2.53294888106199,2.7634987229870225,2.4263842999312124,3.063324998670686
1,contrast,2.5761216638941224,2.7934485641689033,2.474277384256016,3.079889170286364
1,contrast,2.619294446726255,2.8233984053507837,2.5177514653483977,3.0918867593013464
1,contrast,2.6624672295583878,2.853348246532664,2.5611886101256465,3.1051568706870847
1,contrast,2.7056400123905204,2.883298087714545,2.6087430577849338,3.1196477909291533
1,contrast,2.748812795222653,2.913247928896425,2.656357494394331,3.134199697917336
1,contrast,2.7919855780547858,2.9431977700783056,2.704107975581937,3.147686696126898
1,contrast,2.8351583608869184,2.973147611260186,2.7507842000386082,3.1629705789488827
1,contrast,2.878331143719051,3.0030974524420664,2.7997186190707732,3.17799462062302
1,contrast,2.9215039265511837,3.0330472936239468,2.8473735327123637,3.195977067644767
1,contrast,2.9646767093833164,3.0629971348058276,2.8922502661132445,3.2172133425281504
1,contrast,3.007849492215449,3.092946975987708,2.9360415913014273,3.238672070591522
1,contrast,3.0510222750475817,3.1228968171695883,2.9801369088358167,3.261038695498552
1,contrast,3.0941950578797144,3.1528466583514687,3.024632973768643,3.280066313895238
1,contrast,3.137367840711847,3.1827964995333495,3.0559879874856093,3.3040088326427144
1,contrast,3.1805406235439797,3.21274634071523,3.081768628413212,3.326836936768646
1,contrast,3.2237134063761124,3.2426961818971103,3.109886583572337,3.361210891718021
1,contrast,3.266886189208245,3.2726460230789907,3.1419813768555933,3.395979940165821
1,contrast,3.3100589720403777,3.302595864260871,3.1651209488342884,3.4252305085764543
1,contrast,3.3532317548725104,3.332545705442752,3.1815742533826588,3.4594227927867753
1,contrast,3.396404537704643,3.3624955466246322,3.2034982659609335,3.4925343325572147
1,contrast,3.4395773205367757,3.3924453878065126,3.226172948852601,3.5378957458194273
1,contrast,3.4827501033689083,3.422395228988393,3.2446701907271254,3.5839212639130302
1,contrast,3.525922886201041,3.452345070170274,3.2580473705099444,3.633680910785609
1,contrast,3.5690956690331737,3.482294911352154,3.2733549478371597,3.682178502214753
1,contrast,3.6122684518653063,3.5122447525340346,3.289817330770601,3.726267548859708
1,contrast,3.655441234697439,3.542194593715915,3.3011805759598998,3.7703673483251032
1,contrast,3.6986140175295716,3.5721444348977953,3.3133219089895305,3.818849902938677
1,contrast,3.7417868003617043,3.602094276079676,3.331259592118854,3.8672040505367677
1,contrast,3.784959583193837,3.6320441172615565,3.345691891381445,3.9097943281727314
1,contrast,3.8281323660259696,3.661993958443437,3.361587461899007,3.9551591747689026
1,contrast,3.8713051488581023,3.6919437996253173,3.375252723999821,4.004116167169255
1,contrast,3.914477931690235,3.721893640807198,3.384733976880721,4.048826854205402
1,contrast,3.9576507145223676,3.7518434819890785,3.398961945553183,4.094320100585664
1,contrast,4.0008234973545,3.781793323170959,3.4167770569787526,4.143222511699782
1,contrast,4.043996280186633,3.811743164352839,3.4345921684043224,4.19231910903686
1,contrast,4.087169063018766,3.8416930055347196,3.447502043699138,4.240203917492971
1,contrast,4.130341845850898,3.8716428467166004,3.460173080767492,4.285623758238326
1,contrast,4.173514628683031,3.901592687898481,3.4671008124544507,4.334007140362656
1,contrast,4.216687411515164,3.931542529080361,3.4740484389689543,4.383648120214086
2,blur,1.979167995215401,2.142987927199117,1.8817814926380847,2.409072975224497
2,blur,2.0275174110211576,2.1833003560044926,1.9304102288312246,2.4389838449608363
2,blur,2.075866826826914,2.223612784809869,1.9790389650243643,2.469493937036804
2,blur,2.12421624263267,2.263925213615244,2.0283968672360646,2.5045138169149923
2,blur,2.1725656584384265,2.3042376424206203,2.078622360122919,2.5395336967931796
2,blur,2.220915074244183,2.3445500712259966,2.129603325200608,2.572849230886472
2,blur,2.2692644900499395,2.3848625000313723,2.1804647077241492,2.6017884684881336
2,blur,2.3176139058556955,2.425174928836748,2.229116951003855,2.6337412753456158
2,blur,2.365963321661452,2.465487357642124,2.2739169959814256,2.661072020344274
2,blur,2.4143127374672084,2.5057997864475,2.323101248914636,2.6921573145354607
2,blur,2.462662153272965,2.546112215252876,2.368436122124836,2.723428191989841
2,blur,2.511011569078721,2.5864246440582517,2.4162123539487395,2.7527084093971554
2,blur,2.5593609848844774,2.6267370728636275,2.464782594289894,2.7818954362197137
2,blur,2.607710400690234,2.6670495016690037,2.512004753846338,2.813258177554774
2,blur,2.6560598164959903,2.7073619304743795,2.557773471357848,2.8474851170659767
2,blur,2.704409232301747,2.7476743592797557,2.607463479077268,2.8792197168923046
2,blur,2.752758648107503,2.787986788085131,2.653383256565588,2.912806500395628
2,blur,2.8011080639132593,2.8282992168905072,2.6945780576229432,2.953823112348773
2,blur,2.8494574797190158,2.868611645695883,2.741298466930659,2.9882317297139016
2,blur,2.8978068955247718,2.908924074501259,2.788043551991791,3.0260960608366356
2,blur,2.9461563113305282,2.9492365033066346,2.831263787844049,3.0690652781857723
2,blur,2.9945057271362847,2.989548932112011,2.868806645551733,3.1131793998133803
2,blur,3.042855142942041,3.0298613609173866,2.909170037817982,3.1595473256144304
2,blur,3.0912045587477976,3.070173789722763,2.947415995857883,3.2033003243120115
2,blur,3.1395539745535537,3.110486218528138,2.9859241653061406,3.241690847388599
2,blur,3.18790339035931,3.1507986473335143,3.020434802635081,3.279447035014245
2,blur,3.2362528061650666,3.19111107613889,3.059736090403876,3.3231257962196503
2,blur,3.2846022219708226,3.231423504944266,3.1017966489599846,3.365972863914545
2,blur,3.3329516377765795,3.271735933749642,3.133359565627951,3.4054467994759845
2,blur,3.3813010535823356,3.312048362555018,3.1649332252886966,3.4498852526756725
2,blur,3.429650469388092,3.3523607913603937,3.1987911224471626,3.4957899187229327
2,blur,3.4779998851938485,3.39267322016577,3.233705786990323,3.543498504037424
2,blur,3.5263493009996045,3.432985648971145,3.2701414901122776,3.5924092533785084
2,blur,3.5746987168053614,3.473298077776522,3.2952530087082517,3.6413003402356154
2,blur,3.6230481326111175,3.513610506581897,3.3289415414204013,3.6903555520315483
2,blur,3.671397548416874,3.5539229353872734,3.3661970834357424,3.7390470870061203
2,blur,3.7197469642226304,3.594235364192649,3.4016482252705833,3.7880073360226794
2,blur,3.7680963800283864,3.634547792998025,3.4309332025876196,3.8367191136565597
2,blur,3.816445795834143,3.674860221803401,3.4578051481016177,3.8819388423568073
2,blur,3.8647952116398994,3.715172650608777,3.4846904000088674,3.9246234199682513
2,contrast,1.9119562355614337,2.1053271996734853,1.8554840097179783,2.3970951055207173
2,contrast,1.9596542373166566,2.144026101243175,1.9053820642805863,2.4218690185736036
2,contrast,2.0073522390718797,2.182725002812865,1.9559822753183742,2.4413307459863884
2,contrast,2.0550502408271027,2.221423904382555,2.0050912037407,2.4658491528404567
2,contrast,2.1027482425823254,2.260122805952245,2.0534117756284473,2.491633238631628
2,contrast,2.1504462443375485,2.2988217075219346,2.103747130121166,2.5150524643249783
2,contrast,2.1981442460927716,2.3375206090916247,2.151821595042064,2.540493435982611
2,contrast,2.2458422478479947,2.376219510661315,2.202242038393962,2.5692536981838945
2,contrast,2.2935402496032173,2.4149184122310046,2.2515697430709305,2.594204834204691
2,contrast,2.3412382513584404,2.4536173138006947,2.3003013994340056,2.623999771840324
2,contrast,2.3889362531136635,2.4923162153703844,2.344474137576791,2.6564637266195477
2,contrast,2.4366342548688866,2.5310151169400745,2.388040735289707,2.688916971982756
2,contrast,2.4843322566241093,2.569714018509764,2.4326646739561775,2.7159240272435143
2,contrast,2.5320302583793324,2.6084129200794544,2.476852713386493,2.746572018658736
2,contrast,2.5797282601345555,2.6471118216491445,2.5173631710272204,2.7817226654896845
2,contrast,2.627426261889778,2.685810723218834,2.5646571463711116,2.811284335128767
2,contrast,2.675124263645001,2.724509624788524,2.6093685141445055,2.843111417608454
2,contrast,2.7228222654002243,2.763208526358214,2.6521318270407206,2.8794486900402374
2,contrast,2.7705202671554474,2.801907427927904,2.691936585393606,2.916043682999869
2,contrast,2.8182182689106705,2.8406063294975943,2.7275958333952754,2.9514613709939663
2,contrast,2.865916270665893,2.879305231067284,2.7603998858520877,2.9914008874117686
2,contrast,2.9136142724211163,2.9180041326369737,2.7929718853090564,3.038967495232895
2,contrast,2.961312274176339,2.9567030342066634,2.827885790098929,3.0808964578728593
2,contrast,3.009010275931562,2.9954019357763535,2.863035380544672,3.1278771638201257
2,contrast,3.056708277686785,3.0341008373460436,2.8935345532710457,3.1751752602505374
2,contrast,3.104406279442008,3.0727997389157338,2.931458011152841,3.223234271027684
2,contrast,3.1521042811972313,3.1114986404854235,2.959171389086744,3.2718480037521687
2,contrast,3.1998022829524544,3.1501975420551136,2.986840664205437,3.3143361878550848
2,contrast,3.247500284707677,3.1888964436248033,3.0102887869822728,3.3676183874667425
2,contrast,3.2951982864629,3.2275953451944934,3.0405012821271686,3.416509300306452
2,contrast,3.342896288218123,3.266294246764183,3.0709329409918444,3.4646010033398453
2,contrast,3.390594289973346,3.3049931483338733,3.0990853691862217,3.512692706373238
2,contrast,3.438292291728569,3.343692049903563,3.125111195704759,3.5607280424997616
2,contrast,3.485990293483792,3.382390951473253,3.1541972755994423,3.608876112440025
2,contrast,3.533688295239015,3.421089853042943,3.184552776667707,3.6569678154734184
2,contrast,3.581386296994238,3.459788754612633,3.209374572291307,3.70457769471066
2,contrast,3.629084298749461,3.498487656182323,3.2325985658071454,3.7519399338719115
2,contrast,3.6767823005046836,3.5371865577520123,3.2558225593229837,3.798425262595866
2,contrast,3.7244803022599067,3.5758854593217024,3.2805041413985565,3.847008359928364
2,contrast,3.7721783040151298,3.6145843608913926,3.3065247718935558,3.8955649118577607
