experiment,feature_family,held_level,n,MAE,RMSE,R2
1,blur,0,768,0.7864390555839541,0.9592213809012268,-0.019140368549053433
1,blur,1,768,0.7424862422669584,0.8896584917102559,-0.02034636740549156
1,blur,2,768,0.7317036548326286,0.8807636959112098,-0.007330837222374376
1,blur,3,768,0.7794805268162514,0.9460989603676204,-0.026717180724782574
1,blur,4,768,0.7736411349910938,0.9334257665545667,-0.050689954753941
1,contrast,0,768,0.727074301318411,0.8965085780538408,0.05133787872562934
1,contrast,1,768,0.7095306770905978,0.867094768079939,0.04703945507076679
1,contrast,2,768,0.7237974137158244,0.8725467532448106,0.0023985512488154948
1,contrast,3,768,0.7206576822625328,0.8865400327677562,-0.00022024578504575842
1,contrast,4,768,0.707345429722141,0.8755410832710765,0.031167129844427155
2,blur,2,768,0.7968664490045102,0.9825355456238462,0.0006844745606379155
2,blur,3,768,0.7524741084510053,0.9086866744352153,0.060522023700676275
2,blur,4,768,0.7796290427658811,0.9285484171609136,0.07204097492023698
2,blur,5,768,0.7561526040533262,0.9002834081947806,0.120744265131421
2,contrast,2,768,0.7702198805482686,0.9299729177076649,0.050838029829582965
2,contrast,3,768,0.7857210429993451,0.9348299649670475,0.009813739505506791
2,contrast,4,768,0.7701376302822399,0.9141154429314893,0.07545843636428506
2,contrast,5,768,0.7649830941358826,0.9239922910176063,0.05107265371321679
