experiment,feature,model,MAE,RMSE,R2,R2_CI_low,R2_CI_high
1,blur,MeanBaseline,0.7685757375199012,0.9178893480635516,-0.0030905053477601196,-0.02174552880223058,0.0004895545602755254
1,blur,Ridge,0.7534243047587839,0.9142066884221003,0.004942337622323656,-0.0866333349768515,0.07295927713846279
1,blur,RandomForest,0.7718726931291496,0.925160699631303,-0.019046053591067036,-0.10671327727839876,0.04460964560678927
1,blur,GradientBoosting,0.7629136435392702,0.909589608384319,0.01496777185688325,-0.02642957219806139,0.04951574642798923
1,blur,SVR,0.7157560756490857,0.9342053931440777,-0.039068549871050795,-0.13015485537245092,0.04199936922869895
1,contrast,MeanBaseline,0.7597388141287497,0.8972743927196326,-0.00917033930637956,-0.03700023860595703,-0.004120894065682865
1,contrast,Ridge,0.716406625365357,0.8797985541358904,0.02975722318292373,-0.04824084777817469,0.09042743457703338
1,contrast,RandomForest,0.7460875316803105,0.899766880648348,-0.014784761219065468,-0.07770139999095795,0.033369238393969
1,contrast,GradientBoosting,0.7436885721289019,0.889307908796707,0.008670021847127618,-0.03122378162160336,0.03789139191944756
1,contrast,SVR,0.6813584503113927,0.9173517188270681,-0.05483781006425659,-0.15084659312547238,0.020396545732684263
2,blur,MeanBaseline,0.7759256108793678,0.9670883599966357,-0.008046436909481702,-0.030149344134661363,-0.002186606074196505
2,blur,Ridge,0.7666678877649323,0.9244646791484414,0.07885314789044262,0.023869107042945086,0.12489559621709014
2,blur,RandomForest,0.7987935642683793,0.9599264836627969,0.006828670294857786,-0.08265542892257734,0.08835146987568016
2,blur,GradientBoosting,0.7667785334433358,0.9293315771547807,0.06912875555232467,0.016388929256363035,0.10705306468567463
2,blur,SVR,0.7867671411764813,0.9764006754168644,-0.027553325301715725,-0.12426254258870387,0.05436470538327115
2,contrast,MeanBaseline,0.7837015838904339,0.9568940575412177,-0.013405950647468634,-0.036262626039443684,-0.005773468472926323
2,contrast,Ridge,0.767008046319923,0.9203495961056928,0.06252134747492533,-0.004490595136615934,0.1158916604589026
2,contrast,RandomForest,0.7919377496126581,0.9468832148266905,0.007687251309684173,-0.05494728209602505,0.061535696890520124
2,contrast,GradientBoosting,0.7769417575772902,0.9393048603817925,0.02350758514202611,-0.013474403381459598,0.046907598112698706
2,contrast,SVR,0.7817849250594824,0.9715638682575884,-0.04471648022925212,-0.14792829540294508,0.01902612369019354
