experiment,feature_family,fold,feature,repeat,delta_MAE
1,blur,0,condition,0,0.008262396045593756
1,blur,0,condition,1,0.011369919780545135
1,blur,0,condition,2,0.01164584578374217
1,blur,0,condition,3,0.0049126922725333255
1,blur,0,condition,4,0.012331632622415767
1,blur,0,condition,5,0.006644268192066871
1,blur,0,condition,6,0.011346497055930826
1,blur,0,condition,7,0.005129600381454269
1,blur,0,field,0,-0.0017805936875520123
1,blur,0,field,1,0.0002242178732193567
1,blur,0,field,2,-0.0010316716210777566
1,blur,0,field,3,-0.0004515533621902712
1,blur,0,field,4,0.0002329437866332995
1,blur,0,field,5,-0.0004921612425180522
1,blur,0,field,6,-0.002842850120918561
1,blur,0,field,7,-0.000925336065297877
1,blur,0,heterogeneity,0,0.025834496353204006
1,blur,0,heterogeneity,1,0.03049525199722225
1,blur,0,heterogeneity,2,0.03092117275628381
1,blur,0,heterogeneity,3,0.03256213248019535
1,blur,0,heterogeneity,4,0.03866718660166346
1,blur,0,heterogeneity,5,0.034217296937629205
1,blur,0,heterogeneity,6,0.03141623592269871
1,blur,0,heterogeneity,7,0.04035740308325264
1,blur,0,gender,0,-0.0012336381611383063
1,blur,0,gender,1,-0.0014003698760015615
1,blur,0,gender,2,-0.0016776735349771643
1,blur,0,gender,3,-0.001349184576043938
1,blur,0,gender,4,-0.0007573259897888374
1,blur,0,gender,5,-0.0011892684052012825
1,blur,0,gender,6,-0.0011286559347069014
1,blur,0,gender,7,-0.0002442375215814252
1,blur,0,age,0,0.006465492151457863
1,blur,0,age,1,0.009767715699231183
1,blur,0,age,2,0.0032383618749783905
1,blur,0,age,3,0.0034025298059217057
1,blur,0,age,4,0.00015241052279479916
1,blur,0,age,5,0.0023355384278029856
1,blur,0,age,6,0.005694854291791951
1,blur,0,age,7,0.0057663358997348535
1,blur,0,framerate,0,-0.0003578859272971302
1,blur,0,framerate,1,-9.3701115803424e-05
1,blur,0,framerate,2,-0.0003584723119359756
1,blur,0,framerate,3,-0.0002577658096127866
1,blur,0,framerate,4,-0.00026706406519028114
1,blur,0,framerate,5,-0.0005665973949887659
1,blur,0,framerate,6,-0.0004773336921146676
1,blur,0,framerate,7,-0.0006516803335818722
1,blur,1,condition,0,0.008225422242892466
1,blur,1,condition,1,0.006462831336926711
1,blur,1,condition,2,0.015458017959152026
1,blur,1,condition,3,0.007030348537307662
1,blur,1,condition,4,0.010704030228360084
1,blur,1,condition,5,0.006891212577252226
1,blur,1,condition,6,0.01142896943196503
1,blur,1,condition,7,0.008365389585778371
1,blur,1,field,0,-0.0007242453441738128
1,blur,1,field,1,-0.000905950879502071
1,blur,1,field,2,0.0006694620561806808
1,blur,1,field,3,-0.0008532292234929573
1,blur,1,field,4,-3.8949568286650305e-05
1,blur,1,field,5,-0.0011069153729750258
1,blur,1,field,6,-0.0008153538010204908
1,blur,1,field,7,0.000493233861520781
1,blur,1,heterogeneity,0,0.02634265887804088
1,blur,1,heterogeneity,1,0.026982807053304025
1,blur,1,heterogeneity,2,0.01899106671719042
1,blur,1,heterogeneity,3,0.034999811738944175
1,blur,1,heterogeneity,4,0.02049381396184269
1,blur,1,heterogeneity,5,0.0328354522167833
1,blur,1,heterogeneity,6,0.037883711129351516
1,blur,1,heterogeneity,7,0.0293854263756107
1,blur,1,gender,0,-0.0031644661733138957
1,blur,1,gender,1,-0.003841010157038194
1,blur,1,gender,2,-0.0036992389650069013
1,blur,1,gender,3,-0.001497109432891497
1,blur,1,gender,4,-0.0032224353046074183
1,blur,1,gender,5,-0.003970431165838395
1,blur,1,gender,6,-0.0033590357845000307
1,blur,1,gender,7,-0.006324629669862025
1,blur,1,age,0,0.024557435111039583
1,blur,1,age,1,0.024580657297768593
1,blur,1,age,2,0.0175373191039071
1,blur,1,age,3,0.02754342335288007
1,blur,1,age,4,0.024111164910710747
1,blur,1,age,5,0.019752308333829793
1,blur,1,age,6,0.019839386959668914
1,blur,1,age,7,0.023117239565140446
1,blur,1,framerate,0,-0.03410406470905614
1,blur,1,framerate,1,-0.04393951704074184
1,blur,1,framerate,2,-0.037910390899010826
1,blur,1,framerate,3,-0.04412198126985334
1,blur,1,framerate,4,-0.031684263271364865
1,blur,1,framerate,5,-0.040371138385457694
1,blur,1,framerate,6,-0.03553661904715466
1,blur,1,framerate,7,-0.0362683262006992
1,blur,2,condition,0,0.0157927492886617
1,blur,2,condition,1,0.005993488097959188
1,blur,2,condition,2,0.007439089527348175
1,blur,2,condition,3,0.006437393596215424
1,blur,2,condition,4,0.0015450408982454755
1,blur,2,condition,5,0.013351910309252757
1,blur,2,condition,6,0.0057584167354964855
1,blur,2,condition,7,0.005370565792285231
1,blur,2,field,0,-0.0004923117619155537
1,blur,2,field,1,-7.974841301994218e-06
1,blur,2,field,2,-0.0005580261067636982
1,blur,2,field,3,0.0011301538041542658
1,blur,2,field,4,-0.001113086763670168
1,blur,2,field,5,-0.00040887761205088413
1,blur,2,field,6,-0.0010617258139818953
1,blur,2,field,7,0.000978199549686587
1,blur,2,heterogeneity,0,0.03627097838176374
1,blur,2,heterogeneity,1,0.03029330616653969
1,blur,2,heterogeneity,2,0.03394657710314897
1,blur,2,heterogeneity,3,0.03211293851993513
1,blur,2,heterogeneity,4,0.021549357193354712
1,blur,2,heterogeneity,5,0.042327359198131465
1,blur,2,heterogeneity,6,0.042029929888526385
1,blur,2,heterogeneity,7,0.030962825776762237
1,blur,2,gender,0,-0.0007123549273386764
1,blur,2,gender,1,-0.0004804165913662173
1,blur,2,gender,2,-0.0009811688121221795
1,blur,2,gender,3,-0.0005445447838114958
1,blur,2,gender,4,-0.0004403154445626889
1,blur,2,gender,5,-0.00070390668245357
1,blur,2,gender,6,-0.0004841343721403435
1,blur,2,gender,7,-0.00011142520739582107
1,blur,2,age,0,0.03392703885160031
1,blur,2,age,1,0.034687626345558775
1,blur,2,age,2,0.02755909202418627
1,blur,2,age,3,0.03583499356753972
1,blur,2,age,4,0.03446571818704236
1,blur,2,age,5,0.04642244529132378
1,blur,2,age,6,0.0355741117173215
1,blur,2,age,7,0.03865890641631242
1,blur,2,framerate,0,-0.0003601143237202953
1,blur,2,framerate,1,-0.00019892482229200148
1,blur,2,framerate,2,-0.0001886448903056781
1,blur,2,framerate,3,-0.00028199734482425853
1,blur,2,framerate,4,-6.202064385829598e-05
1,blur,2,framerate,5,-0.00047512697393725656
1,blur,2,framerate,6,-0.00011068764719723845
1,blur,2,framerate,7,-0.00027650329323991585
1,blur,3,condition,0,0.0049907581816828195
1,blur,3,condition,1,0.010709955053267106
1,blur,3,condition,2,0.0019571883664228906
1,blur,3,condition,3,0.0037878334685220727
1,blur,3,condition,4,0.013656907538611263
1,blur,3,condition,5,0.004721261263738841
1,blur,3,condition,6,0.008647205751902254
1,blur,3,condition,7,0.00911442442054966
1,blur,3,field,0,-0.0005918371407982459
1,blur,3,field,1,0.00039700030175993106
1,blur,3,field,2,0.0011480337452032252
1,blur,3,field,3,0.0006081252227960743
1,blur,3,field,4,0.0006558999781353103
1,blur,3,field,5,0.0002714087165942569
1,blur,3,field,6,0.0003845532019342013
1,blur,3,field,7,0.00019760459818374265
1,blur,3,heterogeneity,0,0.036668475132601186
1,blur,3,heterogeneity,1,0.03300271007295241
1,blur,3,heterogeneity,2,0.03216031581193013
1,blur,3,heterogeneity,3,0.033785856116106516
1,blur,3,heterogeneity,4,0.03159667801311461
1,blur,3,heterogeneity,5,0.032685147253592506
1,blur,3,heterogeneity,6,0.029978707432336105
1,blur,3,heterogeneity,7,0.03262755222812208
1,blur,3,gender,0,-0.011613103370428646
1,blur,3,gender,1,-0.0113114510794039
1,blur,3,gender,2,-0.007754128855476328
1,blur,3,gender,3,-0.01068387224448164
1,blur,3,gender,4,-0.011772482498252246
1,blur,3,gender,5,-0.010737576366900758
1,blur,3,gender,6,-0.009919560523476645
1,blur,3,gender,7,-0.011567253947949663
1,blur,3,age,0,0.040333045986162386
1,blur,3,age,1,0.0527567771349976
1,blur,3,age,2,0.051781631467511136
1,blur,3,age,3,0.05189740689945177
1,blur,3,age,4,0.034518805903029026
1,blur,3,age,5,0.04402921811743421
1,blur,3,age,6,0.046906139221535414
1,blur,3,age,7,0.05399088380137351
1,blur,3,framerate,0,-0.0033103938989222925
1,blur,3,framerate,1,-0.004637535839571383
1,blur,3,framerate,2,-0.003907767872674106
1,blur,3,framerate,3,-0.0037786821536904824
1,blur,3,framerate,4,-0.004692839657296499
1,blur,3,framerate,5,-0.0030101389639821674
1,blur,3,framerate,6,-0.0036540599256787987
1,blur,3,framerate,7,-0.003932334820518024
1,blur,4,condition,0,0.006951650160187062
1,blur,4,condition,1,0.01906482787225794
1,blur,4,condition,2,0.016684100576502048
1,blur,4,condition,3,0.012141308587485633
1,blur,4,condition,4,0.017738627008865304
1,blur,4,condition,5,0.012968267107119735
1,blur,4,condition,6,0.017072111261279388
1,blur,4,condition,7,0.013980951382395745
1,blur,4,field,0,-0.0005760630332988237
1,blur,4,field,1,3.89333520947055e-05
1,blur,4,field,2,-0.0010760728022880528
1,blur,4,field,3,-2.2256795109587557e-05
1,blur,4,field,4,2.01382836915176e-05
1,blur,4,field,5,-0.0004498869792508575
1,blur,4,field,6,0.00029476480054280163
1,blur,4,field,7,0.000893895193170402
1,blur,4,heterogeneity,0,0.02356404097819187
1,blur,4,heterogeneity,1,0.017869417530217424
1,blur,4,heterogeneity,2,0.012330196675135685
1,blur,4,heterogeneity,3,0.02601946153568202
1,blur,4,heterogeneity,4,0.03161553659454719
1,blur,4,heterogeneity,5,0.022401355241663423
1,blur,4,heterogeneity,6,0.023648498536018137
1,blur,4,heterogeneity,7,0.029709640517777802
1,blur,4,gender,0,-0.002174752196828278
1,blur,4,gender,1,-0.0025058587146465916
1,blur,4,gender,2,-0.00464564908454701
1,blur,4,gender,3,-0.003322071141243721
1,blur,4,gender,4,-0.002332488358369633
1,blur,4,gender,5,-0.004071017531492527
1,blur,4,gender,6,-0.0033074257759545533
1,blur,4,gender,7,-0.002915497977646342
1,blur,4,age,0,-0.01438176076130937
1,blur,4,age,1,-0.014852371622194549
1,blur,4,age,2,-0.010459567080154608
1,blur,4,age,3,-0.023370535775107615
1,blur,4,age,4,-0.024275398602758957
1,blur,4,age,5,-0.020962307974870198
1,blur,4,age,6,-0.015998490951715127
1,blur,4,age,7,-0.007174417279169787
1,blur,4,framerate,0,-0.010136524261921576
1,blur,4,framerate,1,-0.009353692602923735
1,blur,4,framerate,2,-0.010248093132861125
1,blur,4,framerate,3,-0.010315746692382333
1,blur,4,framerate,4,-0.009430376277733576
1,blur,4,framerate,5,-0.011606732150057142
1,blur,4,framerate,6,-0.009367334308291841
1,blur,4,framerate,7,-0.012521203639795808
1,contrast,0,condition,0,-0.0002849555438818596
1,contrast,0,condition,1,0.0009329548750304228
1,contrast,0,condition,2,0.0018631286405559333
1,contrast,0,condition,3,0.0008042835176230723
1,contrast,0,condition,4,0.0012630482951200284
1,contrast,0,condition,5,0.0018305936522078348
1,contrast,0,condition,6,0.0015781064370318232
1,contrast,0,condition,7,0.005492828649243275
1,contrast,0,field,0,0.0004350711737098889
1,contrast,0,field,1,0.0006718964041027009
1,contrast,0,field,2,-0.00021165341480433586
1,contrast,0,field,3,-0.001441671251787846
1,contrast,0,field,4,0.0007067482836148331
1,contrast,0,field,5,0.000134584438359453
1,contrast,0,field,6,0.000629640307398982
1,contrast,0,field,7,0.0006349003210653903
1,contrast,0,heterogeneity,0,0.020969154258024036
1,contrast,0,heterogeneity,1,0.02701064319390878
1,contrast,0,heterogeneity,2,0.0379403727176747
1,contrast,0,heterogeneity,3,0.031030761486152025
1,contrast,0,heterogeneity,4,0.03460609784146218
1,contrast,0,heterogeneity,5,0.031865980919889014
1,contrast,0,heterogeneity,6,0.022139242586933117
1,contrast,0,heterogeneity,7,0.026107423716052347
1,contrast,0,gender,0,0.012374249405284976
1,contrast,0,gender,1,0.012307514018238153
1,contrast,0,gender,2,0.00590286400736062
1,contrast,0,gender,3,0.013236886866641373
1,contrast,0,gender,4,0.008489978218137906
1,contrast,0,gender,5,0.005225880249692949
1,contrast,0,gender,6,0.01239795854990522
1,contrast,0,gender,7,0.009174274970861318
1,contrast,0,age,0,0.00516251329794315
1,contrast,0,age,1,0.004855764890096648
1,contrast,0,age,2,0.004578699691853094
1,contrast,0,age,3,0.003524619424875697
1,contrast,0,age,4,0.004511399427593599
1,contrast,0,age,5,0.006390091018638855
1,contrast,0,age,6,0.005834970125286332
1,contrast,0,age,7,0.0026961962502247694
1,contrast,0,framerate,0,-0.001586001744752985
1,contrast,0,framerate,1,0.0052942425669696425
1,contrast,0,framerate,2,-0.00016934411070224087
1,contrast,0,framerate,3,-0.0006752032625596538
1,contrast,0,framerate,4,4.046947145397439e-06
1,contrast,0,framerate,5,-5.708970671169933e-05
1,contrast,0,framerate,6,-0.0026377920802360677
1,contrast,0,framerate,7,0.0007810032538325684
1,contrast,1,condition,0,0.001239087972024877
1,contrast,1,condition,1,0.0008740717345119275
1,contrast,1,condition,2,-0.00023335408097358012
1,contrast,1,condition,3,0.0031909504899123586
1,contrast,1,condition,4,0.0008593683690180098
1,contrast,1,condition,5,0.003970983114563231
1,contrast,1,condition,6,0.0008940952279320458
1,contrast,1,condition,7,0.0004183612966088823
1,contrast,1,field,0,-0.00025929035444782755
1,contrast,1,field,1,0.0002854098009248407
1,contrast,1,field,2,7.805097285895624e-05
1,contrast,1,field,3,0.0003080989740295026
1,contrast,1,field,4,0.00025475081212533723
1,contrast,1,field,5,0.0006551127219792674
1,contrast,1,field,6,0.0008294651242612971
1,contrast,1,field,7,0.0005000317131813592
1,contrast,1,heterogeneity,0,0.03163094978985248
1,contrast,1,heterogeneity,1,0.03637579978264016
1,contrast,1,heterogeneity,2,0.03402004575667761
1,contrast,1,heterogeneity,3,0.029000208371678826
1,contrast,1,heterogeneity,4,0.03860590932245911
1,contrast,1,heterogeneity,5,0.02821038933476272
1,contrast,1,heterogeneity,6,0.03048178548941549
1,contrast,1,heterogeneity,7,0.038812153907468394
1,contrast,1,gender,0,-0.0008274986774303716
1,contrast,1,gender,1,-0.0018900544191920998
1,contrast,1,gender,2,-0.0010657289599336206
1,contrast,1,gender,3,0.00686204868147855
1,contrast,1,gender,4,-0.0007155929523793292
1,contrast,1,gender,5,-0.003656885752906236
1,contrast,1,gender,6,0.012625572856223233
1,contrast,1,gender,7,0.005026493512707009
1,contrast,1,age,0,-0.0035418232213897394
1,contrast,1,age,1,-0.010809127033523769
1,contrast,1,age,2,-0.007253728744459287
1,contrast,1,age,3,-0.015076663277128977
1,contrast,1,age,4,-0.013610823010660855
1,contrast,1,age,5,-0.004191806830105893
1,contrast,1,age,6,-0.0031002921995726407
1,contrast,1,age,7,-0.01058205351632957
1,contrast,1,framerate,0,0.007234143658317316
1,contrast,1,framerate,1,0.005624357701770166
1,contrast,1,framerate,2,0.005348899681457464
1,contrast,1,framerate,3,0.005709071400503918
1,contrast,1,framerate,4,0.005694200887859213
1,contrast,1,framerate,5,0.005183449119328998
1,contrast,1,framerate,6,0.00546743793195581
1,contrast,1,framerate,7,0.005164512364845608
1,contrast,2,condition,0,0.003397306381836218
1,contrast,2,condition,1,0.002767741633249887
1,contrast,2,condition,2,0.00016822113943260053
1,contrast,2,condition,3,0.004298039895567984
1,contrast,2,condition,4,0.0039237280633590554
1,contrast,2,condition,5,0.0025000306184620458
1,contrast,2,condition,6,-0.00036225657063093664
1,contrast,2,condition,7,0.003794633054204133
1,contrast,2,field,0,-0.0006548198024427521
1,contrast,2,field,1,-0.0012218160513309817
1,contrast,2,field,2,-0.0007887395094492433
1,contrast,2,field,3,-0.0005785287186567123
1,contrast,2,field,4,-0.0021759170255823967
1,contrast,2,field,5,-0.0019052656426986614
1,contrast,2,field,6,-0.0013832923662870922
1,contrast,2,field,7,-0.0016386318134155031
1,contrast,2,heterogeneity,0,0.03247984261709114
1,contrast,2,heterogeneity,1,0.02364107475567323
1,contrast,2,heterogeneity,2,0.04062812379383485
1,contrast,2,heterogeneity,3,0.02623459954594498
1,contrast,2,heterogeneity,4,0.036895988795702106
1,contrast,2,heterogeneity,5,0.02414158300870428
1,contrast,2,heterogeneity,6,0.03134900640660765
1,contrast,2,heterogeneity,7,0.03664016915578816
1,contrast,2,gender,0,0.009091163753662368
1,contrast,2,gender,1,0.009998360620664393
1,contrast,2,gender,2,0.010898820893360806
1,contrast,2,gender,3,0.015012258255144628
1,contrast,2,gender,4,0.015382156725801566
1,contrast,2,gender,5,0.009485516942439265
1,contrast,2,gender,6,0.013503090434957343
1,contrast,2,gender,7,0.008553279813779735
1,contrast,2,age,0,0.005436446686963303
1,contrast,2,age,1,0.007738456185799492
1,contrast,2,age,2,0.006619524793607945
1,contrast,2,age,3,0.005104206869557371
1,contrast,2,age,4,0.006127377941100742
1,contrast,2,age,5,0.00466560718239839
1,contrast,2,age,6,0.006824614845085897
1,contrast,2,age,7,0.00863150045644101
1,contrast,2,framerate,0,0.01305954061886172
1,contrast,2,framerate,1,0.010515692273546429
1,contrast,2,framerate,2,0.011130799306967143
1,contrast,2,framerate,3,0.010062509951284437
1,contrast,2,framerate,4,0.010435437460219132
1,contrast,2,framerate,5,0.010366242767509304
1,contrast,2,framerate,6,0.012230912802004057
1,contrast,2,framerate,7,0.011508464485217806
1,contrast,3,condition,0,1.6562897809602184e-05
1,contrast,3,condition,1,-0.005464065333601109
1,contrast,3,condition,2,0.0019541205050672694
1,contrast,3,condition,3,-0.0019859829785364713
1,contrast,3,condition,4,-0.00020915944429644728
1,contrast,3,condition,5,-0.0014078496920089112
1,contrast,3,condition,6,-0.0002565422648961313
1,contrast,3,condition,7,0.0023778442249673404
1,contrast,3,field,0,-0.00037281293245006175
1,contrast,3,field,1,0.000170020780440705
1,contrast,3,field,2,-0.0005669501356567741
1,contrast,3,field,3,0.0005317076633891693
1,contrast,3,field,4,0.00028138252984266643
1,contrast,3,field,5,-0.00042581017185006065
1,contrast,3,field,6,7.079485843131117e-05
1,contrast,3,field,7,-0.00019756131194181847
1,contrast,3,heterogeneity,0,0.03832839034413704
1,contrast,3,heterogeneity,1,0.0292887914986949
1,contrast,3,heterogeneity,2,0.045124547824860084
1,contrast,3,heterogeneity,3,0.04457246984174956
1,contrast,3,heterogeneity,4,0.02688106984171057
1,contrast,3,heterogeneity,5,0.03510463251617779
1,contrast,3,heterogeneity,6,0.0310153981107113
1,contrast,3,heterogeneity,7,0.0407436754366981
1,contrast,3,gender,0,0.007956147713756745
1,contrast,3,gender,1,0.005273922088597338
1,contrast,3,gender,2,0.008960232650906619
1,contrast,3,gender,3,0.009715189661873347
1,contrast,3,gender,4,0.01116488087033507
1,contrast,3,gender,5,0.009067052413066157
1,contrast,3,gender,6,0.008738770048560718
1,contrast,3,gender,7,0.011968714444641093
1,contrast,3,age,0,0.012661515812764423
1,contrast,3,age,1,0.013557509081213004
1,contrast,3,age,2,0.010961113028298608
1,contrast,3,age,3,0.00914182887272108
1,contrast,3,age,4,0.013326450714050586
1,contrast,3,age,5,0.014720508758067852
1,contrast,3,age,6,0.015061138168835253
1,contrast,3,age,7,0.01183569392093664
1,contrast,3,framerate,0,-0.0038994063733112094
1,contrast,3,framerate,1,-0.0017001895280133184
1,contrast,3,framerate,2,-0.011103604969728731
1,contrast,3,framerate,3,-0.006131160270735347
1,contrast,3,framerate,4,-0.015482828152054706
1,contrast,3,framerate,5,-0.011717462811879797
1,contrast,3,framerate,6,-0.009794987029421276
1,contrast,3,framerate,7,-0.008574081174987147
1,contrast,4,condition,0,0.0041949590769273515
1,contrast,4,condition,1,0.007333868126414345
1,contrast,4,condition,2,0.0025851468633310004
1,contrast,4,condition,3,0.0037226339753670956
1,contrast,4,condition,4,0.00421243447131836
1,contrast,4,condition,5,0.0031792484887447348
1,contrast,4,condition,6,0.003361528963235938
1,contrast,4,condition,7,0.003013212785568653
1,contrast,4,field,0,0.00036501151917245345
1,contrast,4,field,1,-0.0012328904061085222
1,contrast,4,field,2,0.0006396222763023207
1,contrast,4,field,3,0.00013412392727174538
1,contrast,4,field,4,-0.0001760593635067309
1,contrast,4,field,5,-2.604089948243793e-05
1,contrast,4,field,6,-8.792939234236741e-05
1,contrast,4,field,7,0.0005014517911741123
1,contrast,4,heterogeneity,0,0.03089835408335584
1,contrast,4,heterogeneity,1,0.031065410545409233
1,contrast,4,heterogeneity,2,0.02749109465595001
1,contrast,4,heterogeneity,3,0.027534121357803087
1,contrast,4,heterogeneity,4,0.020669249938270795
1,contrast,4,heterogeneity,5,0.03213576764931725
1,contrast,4,heterogeneity,6,0.032165690401057656
1,contrast,4,heterogeneity,7,0.030990113132393082
1,contrast,4,gender,0,0.02103905189091726
1,contrast,4,gender,1,0.024776459016573438
1,contrast,4,gender,2,0.017705806170567828
1,contrast,4,gender,3,0.02017618767041829
1,contrast,4,gender,4,0.0196717899695793
1,contrast,4,gender,5,0.026560688793017095
1,contrast,4,gender,6,0.02217255471358659
1,contrast,4,gender,7,0.018241117261861173
1,contrast,4,age,0,0.008912621205935944
1,contrast,4,age,1,0.011948012730012447
1,contrast,4,age,2,0.010157135538377826
1,contrast,4,age,3,0.0057993128763876856
1,contrast,4,age,4,0.00972488100335811
1,contrast,4,age,5,0.010324602154374252
1,contrast,4,age,6,0.012139819140266739
1,contrast,4,age,7,0.006615914078238361
1,contrast,4,framerate,0,0.015004172233271329
1,contrast,4,framerate,1,0.01645490963421048
1,contrast,4,framerate,2,0.01500464491886877
1,contrast,4,framerate,3,0.012851798213987964
1,contrast,4,framerate,4,0.013006420361813986
1,contrast,4,framerate,5,0.012723571872050532
1,contrast,4,framerate,6,0.011560313478741535
1,contrast,4,framerate,7,0.01531883340394713
2,blur,0,condition,0,0.004540370625529699
2,blur,0,condition,1,0.003645767742172956
2,blur,0,condition,2,0.0006009397556578921
2,blur,0,condition,3,0.0037862810044668738
2,blur,0,condition,4,0.0034616668528306693
2,blur,0,condition,5,0.004093236753085483
2,blur,0,condition,6,0.006185780218870729
2,blur,0,condition,7,0.0016332222039363575
2,blur,0,field,0,6.889401025222952e-05
2,blur,0,field,1,0.0009385561138213205
2,blur,0,field,2,0.0008558202036151874
2,blur,0,field,3,-0.0002026754340755943
2,blur,0,field,4,-0.0004329143529245849
2,blur,0,field,5,0.0009057893162874864
2,blur,0,field,6,-9.407861034749221e-05
2,blur,0,field,7,-0.0003885066539194293
2,blur,0,heterogeneity,0,0.07157979053700203
2,blur,0,heterogeneity,1,0.07030713002796762
2,blur,0,heterogeneity,2,0.07339731690089868
2,blur,0,heterogeneity,3,0.06407027329202397
2,blur,0,heterogeneity,4,0.057967729085694475
2,blur,0,heterogeneity,5,0.05625882815031269
2,blur,0,heterogeneity,6,0.04109016679388067
2,blur,0,heterogeneity,7,0.0550561409668866
2,blur,0,gender,0,0.008129689366698667
2,blur,0,gender,1,0.010229337043852649
2,blur,0,gender,2,0.005917506929999594
2,blur,0,gender,3,0.00738384925513258
2,blur,0,gender,4,0.006156376660470753
2,blur,0,gender,5,0.0070630610575704855
2,blur,0,gender,6,0.008155690620178735
2,blur,0,gender,7,0.008794078320832566
2,blur,0,age,0,0.004571440765314461
2,blur,0,age,1,0.0018773944459066216
2,blur,0,age,2,0.012037363797263834
2,blur,0,age,3,0.009346128637164552
2,blur,0,age,4,-0.0031804956558225683
2,blur,0,age,5,0.010142832337753704
2,blur,0,age,6,-9.28384835289231e-05
2,blur,0,age,7,0.008578496058647911
2,blur,0,framerate,0,0.0069497475764552785
2,blur,0,framerate,1,0.0022137770785471966
2,blur,0,framerate,2,0.00869892891573798
2,blur,0,framerate,3,0.008764250415105646
2,blur,0,framerate,4,-0.000985385121960336
2,blur,0,framerate,5,0.004753456306717085
2,blur,0,framerate,6,0.004196091151602688
2,blur,0,framerate,7,0.012835156293107608
2,blur,1,condition,0,-0.0012455199081167212
2,blur,1,condition,1,-0.0030534049867225743
2,blur,1,condition,2,0.0014781892494816207
2,blur,1,condition,3,0.001288631081372671
2,blur,1,condition,4,0.005853273569481288
2,blur,1,condition,5,0.0001806113224189776
2,blur,1,condition,6,0.002192498566045198
2,blur,1,condition,7,0.006309279812281909
2,blur,1,field,0,-0.0012490166962695337
2,blur,1,field,1,0.0008834597747898743
2,blur,1,field,2,-0.0005281670203139965
2,blur,1,field,3,0.00020618580491582605
2,blur,1,field,4,0.000931308602555414
2,blur,1,field,5,-0.0007825632373594793
2,blur,1,field,6,-0.0014582983061345312
2,blur,1,field,7,0.0002090989691064804
2,blur,1,heterogeneity,0,0.07203273133381205
2,blur,1,heterogeneity,1,0.05403156729083902
2,blur,1,heterogeneity,2,0.07162771558160785
2,blur,1,heterogeneity,3,0.07052697787000994
2,blur,1,heterogeneity,4,0.05212768058150574
2,blur,1,heterogeneity,5,0.08132783404859856
2,blur,1,heterogeneity,6,0.06476006377236931
2,blur,1,heterogeneity,7,0.050190446495585794
2,blur,1,gender,0,0.006009849729298966
2,blur,1,gender,1,0.007694847142652894
2,blur,1,gender,2,0.0031399388893882385
2,blur,1,gender,3,0.0036600385624983023
2,blur,1,gender,4,0.00011935457091516444
2,blur,1,gender,5,0.0028206003812064617
2,blur,1,gender,6,0.008169890017740156
2,blur,1,gender,7,0.005502073034746591
2,blur,1,age,0,0.013795870245433384
2,blur,1,age,1,0.018660806575582223
2,blur,1,age,2,0.013804318526261738
2,blur,1,age,3,0.009261786628389057
2,blur,1,age,4,0.019798620796767197
2,blur,1,age,5,0.015955218631282353
2,blur,1,age,6,0.023025201791673444
2,blur,1,age,7,0.025214285866551056
2,blur,1,framerate,0,0.00751530411666157
2,blur,1,framerate,1,0.00922077381819475
2,blur,1,framerate,2,0.007825224420576204
2,blur,1,framerate,3,0.010125678632745383
2,blur,1,framerate,4,0.006632881330282725
2,blur,1,framerate,5,0.00916749622868085
2,blur,1,framerate,6,0.0081884549905904
2,blur,1,framerate,7,0.010431894909076589
2,blur,2,condition,0,0.0034640144673369067
2,blur,2,condition,1,0.0017175529489545927
2,blur,2,condition,2,0.000780572788261491
2,blur,2,condition,3,0.001966061271279962
2,blur,2,condition,4,0.0043461018000858775
2,blur,2,condition,5,0.0049673664389523475
2,blur,2,condition,6,0.0006360891340595476
2,blur,2,condition,7,0.0026397929475890924
2,blur,2,field,0,-0.0019497687720122503
2,blur,2,field,1,-8.79711202657063e-05
2,blur,2,field,2,7.854116341632356e-05
2,blur,2,field,3,-0.0009776011237546678
2,blur,2,field,4,-0.0010559230359181715
2,blur,2,field,5,0.00018233535297174086
2,blur,2,field,6,-0.0020369644698255973
2,blur,2,field,7,-0.0010097692009193304
2,blur,2,heterogeneity,0,0.061513260590103536
2,blur,2,heterogeneity,1,0.03933185315402954
2,blur,2,heterogeneity,2,0.055307704641178845
2,blur,2,heterogeneity,3,0.049804539020734784
2,blur,2,heterogeneity,4,0.058756804221430814
2,blur,2,heterogeneity,5,0.047942593860155536
2,blur,2,heterogeneity,6,0.06641657506242005
2,blur,2,heterogeneity,7,0.06189947526504391
2,blur,2,gender,0,-0.03157499337113989
2,blur,2,gender,1,-0.0427535179696662
2,blur,2,gender,2,-0.0409316376490898
2,blur,2,gender,3,-0.0448539738672884
2,blur,2,gender,4,-0.04300965214328534
2,blur,2,gender,5,-0.0426572677974022
2,blur,2,gender,6,-0.042614887970249815
2,blur,2,gender,7,-0.034859358904537285
2,blur,2,age,0,0.021962047453632172
2,blur,2,age,1,0.02849192495954278
2,blur,2,age,2,0.020176328544219024
2,blur,2,age,3,0.0235272926101473
2,blur,2,age,4,0.028533540985638095
2,blur,2,age,5,0.024403672300083668
2,blur,2,age,6,0.02104070077868969
2,blur,2,age,7,0.019383470463305685
2,blur,2,framerate,0,0.023188472324774168
2,blur,2,framerate,1,0.030646332673352594
2,blur,2,framerate,2,0.028166395093520147
2,blur,2,framerate,3,0.02607406836792292
2,blur,2,framerate,4,0.018618908638295406
2,blur,2,framerate,5,0.030117486299051754
2,blur,2,framerate,6,0.022858974245923203
2,blur,2,framerate,7,0.02465354771651851
2,blur,3,condition,0,0.0032502030253666048
2,blur,3,condition,1,0.0012716508175509844
2,blur,3,condition,2,0.0051169489968400095
2,blur,3,condition,3,0.002910748155790399
2,blur,3,condition,4,0.006112481880044207
2,blur,3,condition,5,0.003808048811337339
2,blur,3,condition,6,0.0075578917456524675
2,blur,3,condition,7,0.0037669772278214886
2,blur,3,field,0,0.0010760238612674833
2,blur,3,field,1,0.0006829328863227069
2,blur,3,field,2,0.00014408488012118692
2,blur,3,field,3,0.0008231374659534163
2,blur,3,field,4,-6.545134636426475e-05
2,blur,3,field,5,-0.0006773581984513832
2,blur,3,field,6,0.0008192571654629388
2,blur,3,field,7,0.0003924241115111915
2,blur,3,heterogeneity,0,0.0603700211631204
2,blur,3,heterogeneity,1,0.05425266761603553
2,blur,3,heterogeneity,2,0.053849453217348464
2,blur,3,heterogeneity,3,0.06780268056778815
2,blur,3,heterogeneity,4,0.07581352378776551
2,blur,3,heterogeneity,5,0.07260387160794768
2,blur,3,heterogeneity,6,0.05081792505473026
2,blur,3,heterogeneity,7,0.06994082651986777
2,blur,3,gender,0,0.005061427410506081
2,blur,3,gender,1,0.008438292491957933
2,blur,3,gender,2,0.006045182164842733
2,blur,3,gender,3,0.0054676884637580025
2,blur,3,gender,4,0.003195740274974823
2,blur,3,gender,5,0.002525261335402873
2,blur,3,gender,6,0.0037510979260902966
2,blur,3,gender,7,0.00556179643353738
2,blur,3,age,0,0.017859373386301614
2,blur,3,age,1,0.017415606691873697
2,blur,3,age,2,0.015170104799652195
2,blur,3,age,3,0.012268614843903514
2,blur,3,age,4,0.017944622731511983
2,blur,3,age,5,0.02519693520683819
2,blur,3,age,6,0.02261520777142989
2,blur,3,age,7,0.01668171348119951
2,blur,3,framerate,0,0.0039201331469843614
2,blur,3,framerate,1,0.008046486774796024
2,blur,3,framerate,2,0.012048946566097452
2,blur,3,framerate,3,0.008598558369216414
2,blur,3,framerate,4,0.01021366683633762
2,blur,3,framerate,5,0.0051737010108717785
2,blur,3,framerate,6,0.008981816170268386
2,blur,3,framerate,7,0.009252272380602888
2,blur,4,condition,0,0.0034601461584565785
2,blur,4,condition,1,0.005437586072255418
2,blur,4,condition,2,0.002124420071779265
2,blur,4,condition,3,0.0008658823422574846
2,blur,4,condition,4,0.004007754867329516
2,blur,4,condition,5,0.00256183701690893
2,blur,4,condition,6,0.009565937800851798
2,blur,4,condition,7,0.003165329967796615
2,blur,4,field,0,0.0004785712824304511
2,blur,4,field,1,0.0005072248614409469
2,blur,4,field,2,-0.0006967058355424882
2,blur,4,field,3,-9.875782815282896e-05
2,blur,4,field,4,0.0005276308817288022
2,blur,4,field,5,0.00046165041194790035
2,blur,4,field,6,0.0003424865635073271
2,blur,4,field,7,-0.0006309382422803322
2,blur,4,heterogeneity,0,0.05568013719126974
2,blur,4,heterogeneity,1,0.0483070306515605
2,blur,4,heterogeneity,2,0.06746564942490962
2,blur,4,heterogeneity,3,0.0583876477008638
2,blur,4,heterogeneity,4,0.04284159742237381
2,blur,4,heterogeneity,5,0.06622359028119928
2,blur,4,heterogeneity,6,0.05156120188474844
2,blur,4,heterogeneity,7,0.061806909183536485
2,blur,4,gender,0,0.0026768908685412818
2,blur,4,gender,1,0.0005010224128526586
2,blur,4,gender,2,0.002516931539217837
2,blur,4,gender,3,0.002080641969013697
2,blur,4,gender,4,0.0038822904214366183
2,blur,4,gender,5,0.0020765181896524876
2,blur,4,gender,6,0.004719313229493927
2,blur,4,gender,7,0.002679082292317725
2,blur,4,age,0,0.016011317683069848
2,blur,4,age,1,0.02090055461590523
2,blur,4,age,2,0.023810198767821644
2,blur,4,age,3,0.016504437429130214
2,blur,4,age,4,0.03021133806409837
2,blur,4,age,5,0.024830078001228273
2,blur,4,age,6,0.020533049310941465
2,blur,4,age,7,0.018968743522059683
2,blur,4,framerate,0,-0.0012540677180103987
2,blur,4,framerate,1,-0.0009194416549982432
2,blur,4,framerate,2,-0.0013032551965426187
2,blur,4,framerate,3,-0.0021855183154028124
2,blur,4,framerate,4,-0.00042687606767821684
2,blur,4,framerate,5,-0.001286098042112549
2,blur,4,framerate,6,-0.0022106481451894533
2,blur,4,framerate,7,-0.0004544908425050398
2,contrast,0,condition,0,0.005814206580255776
2,contrast,0,condition,1,0.005170820640401863
2,contrast,0,condition,2,0.004433452633842094
2,contrast,0,condition,3,0.006916725777691091
2,contrast,0,condition,4,0.004235455173808633
2,contrast,0,condition,5,0.009415196646921253
2,contrast,0,condition,6,0.0025236120669670514
2,contrast,0,condition,7,0.0076606970382159245
2,contrast,0,field,0,-0.0005035405255313652
2,contrast,0,field,1,0.0009894766250697629
2,contrast,0,field,2,0.0014347227604321056
2,contrast,0,field,3,0.0014382476351002538
2,contrast,0,field,4,0.000474468804737338
2,contrast,0,field,5,0.0006335611248465822
2,contrast,0,field,6,0.0012019719557267994
2,contrast,0,field,7,-0.00010497845791690441
2,contrast,0,heterogeneity,0,0.06465629500541625
2,contrast,0,heterogeneity,1,0.05362856369823432
2,contrast,0,heterogeneity,2,0.05280007738684145
2,contrast,0,heterogeneity,3,0.05721501990641231
2,contrast,0,heterogeneity,4,0.053632841896582906
2,contrast,0,heterogeneity,5,0.05604682214945278
2,contrast,0,heterogeneity,6,0.05027397366332331
2,contrast,0,heterogeneity,7,0.046066589010450354
2,contrast,0,gender,0,0.0076478810724973645
2,contrast,0,gender,1,0.006888683626961378
2,contrast,0,gender,2,0.007299807814051706
2,contrast,0,gender,3,-0.00047742792205840434
2,contrast,0,gender,4,0.000502184141357831
2,contrast,0,gender,5,0.0036756928930976596
2,contrast,0,gender,6,0.0035633494242771624
2,contrast,0,gender,7,0.002127020184419459
2,contrast,0,age,0,0.02243419170537364
2,contrast,0,age,1,0.023891836506603426
2,contrast,0,age,2,0.03211939293623656
2,contrast,0,age,3,0.030378114910987408
2,contrast,0,age,4,0.02673206700648023
2,contrast,0,age,5,0.017825325253877256
2,contrast,0,age,6,0.028796689194853564
2,contrast,0,age,7,0.008111688574294673
2,contrast,0,framerate,0,0.010054612469793889
2,contrast,0,framerate,1,-0.0009632060062366721
2,contrast,0,framerate,2,-0.0062304400221872
2,contrast,0,framerate,3,-0.0034542950648588366
2,contrast,0,framerate,4,0.004868447929832764
2,contrast,0,framerate,5,-0.0021267762798875545
2,contrast,0,framerate,6,-0.001554553411585169
2,contrast,0,framerate,7,-0.005945107071052447
2,contrast,1,condition,0,0.010124454635641933
2,contrast,1,condition,1,0.007662240810051624
2,contrast,1,condition,2,0.007751613111440903
2,contrast,1,condition,3,0.003394420415166688
2,contrast,1,condition,4,0.0036633605740035158
2,contrast,1,condition,5,0.007394602348486323
2,contrast,1,condition,6,0.0092216243569746
2,contrast,1,condition,7,0.00643568748970913
2,contrast,1,field,0,5.26639474301982e-05
2,contrast,1,field,1,0.0006597962512626676
2,contrast,1,field,2,8.370635135401816e-05
2,contrast,1,field,3,0.0006310791779963187
2,contrast,1,field,4,0.0005354814676848951
2,contrast,1,field,5,4.2298162607923295e-05
2,contrast,1,field,6,0.0007937466046001873
2,contrast,1,field,7,0.0009286463112719856
2,contrast,1,heterogeneity,0,0.053816775930010885
2,contrast,1,heterogeneity,1,0.056206190885459084
2,contrast,1,heterogeneity,2,0.04644186237089731
2,contrast,1,heterogeneity,3,0.054550993071628584
2,contrast,1,heterogeneity,4,0.04513295247093241
2,contrast,1,heterogeneity,5,0.07421955800705826
2,contrast,1,heterogeneity,6,0.04809757418121896
2,contrast,1,heterogeneity,7,0.052145912542139516
2,contrast,1,gender,0,0.007349166979290556
2,contrast,1,gender,1,-0.001156348648369554
2,contrast,1,gender,2,0.004958530344566503
2,contrast,1,gender,3,0.010723605244388201
2,contrast,1,gender,4,0.006618736628165367
2,contrast,1,gender,5,0.003199689917656512
2,contrast,1,gender,6,0.0041325896383062055
2,contrast,1,gender,7,0.006354113385156013
2,contrast,1,age,0,0.0004947400127913726
2,contrast,1,age,1,0.006689626867318443
2,contrast,1,age,2,0.009223278181399897
2,contrast,1,age,3,-0.00602856676382868
2,contrast,1,age,4,-0.004978611851350401
2,contrast,1,age,5,0.00015571928524471534
2,contrast,1,age,6,0.008074038250414972
2,contrast,1,age,7,-0.0030648143965831265
2,contrast,1,framerate,0,-0.0008560024660529963
2,contrast,1,framerate,1,-0.0007302746338977428
2,contrast,1,framerate,2,-0.001636468128554447
2,contrast,1,framerate,3,-0.0009359643908416482
2,contrast,1,framerate,4,-0.0009759526661506923
2,contrast,1,framerate,5,-0.0007337117669801163
2,contrast,1,framerate,6,-0.0012983517060193295
2,contrast,1,framerate,7,-0.0009518618818641356
2,contrast,2,condition,0,0.003916164964939961
2,contrast,2,condition,1,0.0015405609187482128
2,contrast,2,condition,2,0.004706453249626152
2,contrast,2,condition,3,0.0053640886312561475
2,contrast,2,condition,4,-0.0010193369342091918
2,contrast,2,condition,5,0.0015884639805417988
2,contrast,2,condition,6,-0.0003951744514836264
2,contrast,2,condition,7,0.0026001048424039164
2,contrast,2,field,0,-0.00047843002854142114
2,contrast,2,field,1,-0.0002068089942085516
2,contrast,2,field,2,0.0004840040636274745
2,contrast,2,field,3,-0.0007178555907368933
2,contrast,2,field,4,0.0008138296053173955
2,contrast,2,field,5,-4.514188890236692e-05
2,contrast,2,field,6,0.0006132070480266982
2,contrast,2,field,7,0.0010542886651941918
2,contrast,2,heterogeneity,0,0.06779659060488274
2,contrast,2,heterogeneity,1,0.0624609372210827
2,contrast,2,heterogeneity,2,0.04855752500399968
2,contrast,2,heterogeneity,3,0.07782914474140867
2,contrast,2,heterogeneity,4,0.06643312828667625
2,contrast,2,heterogeneity,5,0.07589953746438927
2,contrast,2,heterogeneity,6,0.06880379816472226
2,contrast,2,heterogeneity,7,0.07048237730352891
2,contrast,2,gender,0,0.006173625849108855
2,contrast,2,gender,1,0.007769017575478099
2,contrast,2,gender,2,0.006111261497138587
2,contrast,2,gender,3,0.008177335694734
2,contrast,2,gender,4,0.009301463716440805
2,contrast,2,gender,5,0.008481180641648933
2,contrast,2,gender,6,0.007771796999995417
2,contrast,2,gender,7,0.006065061451799192
2,contrast,2,age,0,0.002838792792654754
2,contrast,2,age,1,0.00024039256816776877
2,contrast,2,age,2,0.006153301274766543
2,contrast,2,age,3,-0.0009204844592116679
2,contrast,2,age,4,0.001907909479354153
2,contrast,2,age,5,0.009635073323132848
2,contrast,2,age,6,-0.0003882079482281364
2,contrast,2,age,7,0.006712278517108539
2,contrast,2,framerate,0,0.000818183312745524
2,contrast,2,framerate,1,0.0009250910475886442
2,contrast,2,framerate,2,-0.00042059031807850644
2,contrast,2,framerate,3,-0.0007779648492294289
2,contrast,2,framerate,4,-0.0015211688480523122
2,contrast,2,framerate,5,-0.0011613759649328204
2,contrast,2,framerate,6,0.001146354434688135
2,contrast,2,framerate,7,-0.0020704356499280374
2,contrast,3,condition,0,0.003331749594047695
2,contrast,3,condition,1,0.0010432786194130017
2,contrast,3,condition,2,0.004417366421236024
2,contrast,3,condition,3,0.003319287482955624
2,contrast,3,condition,4,0.005169121901518525
2,contrast,3,condition,5,0.0014552264352040156
2,contrast,3,condition,6,0.004223357508133407
2,contrast,3,condition,7,0.008455184944643368
2,contrast,3,field,0,0.0014306834426203174
2,contrast,3,field,1,-0.0013461498593898558
2,contrast,3,field,2,0.0005857715391595075
2,contrast,3,field,3,0.00011080626588422238
2,contrast,3,field,4,-6.665453030674229e-05
2,contrast,3,field,5,0.000856654753468078
2,contrast,3,field,6,0.0013956500886302958
2,contrast,3,field,7,0.0007180399643278434
2,contrast,3,heterogeneity,0,0.056517419764037014
2,contrast,3,heterogeneity,1,0.03699405697313196
2,contrast,3,heterogeneity,2,0.03609181548376028
2,contrast,3,heterogeneity,3,0.05668487248909937
2,contrast,3,heterogeneity,4,0.07408448344139029
2,contrast,3,heterogeneity,5,0.05908190219749476
2,contrast,3,heterogeneity,6,0.06551516136517932
2,contrast,3,heterogeneity,7,0.055769399111892715
2,contrast,3,gender,0,0.007128258774642071
2,contrast,3,gender,1,0.003791739090780122
2,contrast,3,gender,2,0.005036328076806651
2,contrast,3,gender,3,0.0014912437765634001
2,contrast,3,gender,4,0.006896277198801148
2,contrast,3,gender,5,0.011934569682286789
2,contrast,3,gender,6,0.01003949345544275
2,contrast,3,gender,7,0.0065603321595743
2,contrast,3,age,0,0.021009419949186814
2,contrast,3,age,1,0.015509281139150066
2,contrast,3,age,2,0.030406691931364915
2,contrast,3,age,3,0.015271047482897426
2,contrast,3,age,4,0.020402320182283384
2,contrast,3,age,5,0.02132264658819516
2,contrast,3,age,6,0.018025034452967326
2,contrast,3,age,7,0.02134232184961704
2,contrast,3,framerate,0,-0.006822418017196852
2,contrast,3,framerate,1,-0.008096411239511103
2,contrast,3,framerate,2,-0.005234398455354339
2,contrast,3,framerate,3,-0.008217684839074035
2,contrast,3,framerate,4,-0.006619571341336172
2,contrast,3,framerate,5,-0.0071879502560774355
2,contrast,3,framerate,6,-0.0067249498414484465
2,contrast,3,framerate,7,-0.007915870223653587
2,contrast,4,condition,0,0.005968669747939526
2,contrast,4,condition,1,-0.000356024819252565
2,contrast,4,condition,2,0.0038176582214137778
2,contrast,4,condition,3,0.0030784910942693866
2,contrast,4,condition,4,-0.0009088392729242889
2,contrast,4,condition,5,0.00524677618685554
2,contrast,4,condition,6,0.00030226104651565056
2,contrast,4,condition,7,0.0021392884834428028
2,contrast,4,field,0,0.0005555587034324905
2,contrast,4,field,1,0.0006927013718122099
2,contrast,4,field,2,8.100007572264811e-05
2,contrast,4,field,3,0.0005292257088631569
2,contrast,4,field,4,-0.00051668133395677
2,contrast,4,field,5,0.0003231877051345089
2,contrast,4,field,6,-0.00018821833911686348
2,contrast,4,field,7,0.0004260155914570518
2,contrast,4,heterogeneity,0,0.028237267655123355
2,contrast,4,heterogeneity,1,0.043770638288425645
2,contrast,4,heterogeneity,2,0.05235226420627559
2,contrast,4,heterogeneity,3,0.041368259847742506
2,contrast,4,heterogeneity,4,0.03778766496547825
2,contrast,4,heterogeneity,5,0.0421151230328044
2,contrast,4,heterogeneity,6,0.04063973538700649
2,contrast,4,heterogeneity,7,0.04723911833275596
2,contrast,4,gender,0,0.010100968988419834
2,contrast,4,gender,1,-0.006789232859482075
2,contrast,4,gender,2,-0.003202346530043476
2,contrast,4,gender,3,-0.0033658127145029804
2,contrast,4,gender,4,-0.0006321824230748341
2,contrast,4,gender,5,-0.0030694635312645824
2,contrast,4,gender,6,-0.000901575467895599
2,contrast,4,gender,7,0.0008517578504272372
2,contrast,4,age,0,0.01308975145829716
2,contrast,4,age,1,0.009721394716597609
2,contrast,4,age,2,0.012500259052528717
2,contrast,4,age,3,0.010910191977523298
2,contrast,4,age,4,0.01070878996676694
2,contrast,4,age,5,0.012609739449532809
2,contrast,4,age,6,0.013614947422171064
2,contrast,4,age,7,0.009272783045697675
2,contrast,4,framerate,0,-0.0010256232427552359
2,contrast,4,framerate,1,-0.00042672087964412686
2,contrast,4,framerate,2,-0.0014176387081995534
2,contrast,4,framerate,3,-0.0005632331680420766
2,contrast,4,framerate,4,-0.0010056156843240016
2,contrast,4,framerate,5,-0.0013467286954302882
2,contrast,4,framerate,6,-0.0010817482325711225
2,contrast,4,framerate,7,-0.0011956148256463406
