experiment,feature,feature_set,MAE,RMSE,R2,R2_CI_low,R2_CI_high,calibration_intercept,calibration_slope
1,blur,conditions_only,0.7463560003429071,0.8966614993482557,0.042769551221329416,0.01895195150982111,0.05982137765004805,0.2235155682147898,0.9292906076459885
1,blur,demographics_only,0.7643614907995805,0.9145166804727747,0.004267408711849385,-0.05176417267931302,0.041346536545670526,1.3829976162108237,0.5629033077919582
1,blur,conditions_demographics,0.741510192243087,0.8932086810974651,0.05012746528093892,-0.007346930348192797,0.0920263219591879,0.6309136713831238,0.8005637397031877
1,blur,conditions_technical,0.7558154624930054,0.9137054856115602,0.006033095310203129,-0.07610553693856194,0.04807742101187086,1.396062032440503,0.5549178137837514
1,blur,full,0.7534243047587839,0.9142066884221003,0.004942337622323656,-0.07922315966980797,0.0727937049350159,1.481118214748806,0.5280338379775817
1,blur,full_minus_age,0.7612098343339577,0.9221155247796325,-0.012348695273590282,-0.10947118443756511,0.040582274226602245,1.8391448690712877,0.41549977940684785
1,blur,full_minus_heterogeneity,0.7706407168938284,0.9308276184103461,-0.03156828387581179,-0.11615069463953188,0.03735732655504105,2.3583426865429136,0.25284199465542384
1,blur,full_minus_degradation,0.7590685509190017,0.9187706057030613,-0.0050175470422058055,-0.08820463567519711,0.060586202839987495,1.6496364253394584,0.47516842154551725
1,contrast,conditions_only,0.7288528873192175,0.8831966754168631,0.022247845587685555,-0.007780307929331358,0.03760219027748174,0.7006958526951057,0.7850154046737643
1,contrast,demographics_only,0.7401872568427147,0.8877270200417803,0.01219138815724119,-0.05195405644835776,0.05614139418892738,0.9783843132356842,0.7008281059200889
1,contrast,conditions_demographics,0.7158278258582556,0.8734954457518789,0.043609573051306305,-0.026424739964799118,0.08938174558472803,0.5938678492680736,0.8188619246948236
1,contrast,conditions_technical,0.7225810353431759,0.8837899735303033,0.02093377054892509,-0.037434174187665405,0.06468098841146182,1.0275416843563603,0.6860723884992652
1,contrast,full,0.716406625365357,0.8797985541358904,0.02975722318292373,-0.04707792048061043,0.08580271498209402,1.0063403529880826,0.6937204233123789
1,contrast,full_minus_age,0.7219016442544941,0.8837603675534281,0.02099936470028141,-0.04794179756522219,0.06876813796316555,1.1352369294963762,0.6526122369678388
1,contrast,full_minus_heterogeneity,0.7389388026723561,0.8947962096327039,-0.003603580117548688,-0.07708694700833285,0.04930742489919505,1.7666404965318692,0.45983654582987593
1,contrast,full_minus_degradation,0.7172570302385812,0.8793701891259815,0.030701795948222532,-0.042417096434254606,0.08571168452046876,0.9552877902547645,0.7094252359825866
2,blur,conditions_only,0.7756495940988417,0.9299478826838145,0.06789369297665193,0.02913337590972735,0.09396076022232776,0.20797030802612326,0.930205024410719
2,blur,demographics_only,0.7979224850005564,0.9690001001571001,-0.0120357882551696,-0.06580197451540687,0.02500081710930449,2.0243455546793614,0.3187663935971196
2,blur,conditions_demographics,0.7752190527273708,0.9319358146200825,0.06390434163096481,0.0005092558221936688,0.10877476446770719,0.6343390744732456,0.7874529327876696
2,blur,conditions_technical,0.7663284943598277,0.9226826696117132,0.08240095329953545,0.04287892709785464,0.11507983348523637,0.1746000358452151,0.9409699908428739
2,blur,full,0.7666678877649323,0.9244646791484414,0.07885314789044262,0.017189183805327617,0.1244837410355769,0.49281144478750516,0.8337728209029653
2,blur,full_minus_age,0.7783599607144701,0.9355245664023978,0.05668091867992675,0.004675353494792789,0.0970116232241982,0.6354986011392199,0.7860688320968392
2,blur,full_minus_heterogeneity,0.7923781692978094,0.9605114244764508,0.005617903723974638,-0.04708217056663226,0.049558446945079805,1.2967782106038066,0.5631435880102543
2,blur,full_minus_degradation,0.7675765074270945,0.9260300579271572,0.07573098524837729,0.01658419341858034,0.12056834680245221,0.4979063541728337,0.832057785559173
2,contrast,conditions_only,0.7732565104025895,0.9233911365771392,0.056314812814345916,0.019380905022339537,0.07958308111045309,0.32795586661008613,0.8872275648247234
2,contrast,demographics_only,0.7850098805182782,0.9492684869657395,0.002681529034670671,-0.037820191159868434,0.037469536151509865,1.2971482309797397,0.5572523261797234
2,contrast,conditions_demographics,0.7641229130372911,0.9154865450118589,0.07240229249648489,0.02089819733513569,0.1120504935890099,0.359072797393301,0.879641401740591
2,contrast,conditions_technical,0.7747285397686464,0.925812044365287,0.05136009854566359,0.00467374878986415,0.07894125353468624,0.44652968684598227,0.8457185707665176
2,contrast,full,0.767008046319923,0.9203495961056928,0.06252134747492533,-0.0005935669682245263,0.11120694101975263,0.5540964679281082,0.8113317150744657
2,contrast,full_minus_age,0.7747044555808849,0.9264866167644624,0.04997718409295182,0.0035235439624474426,0.08202652186581852,0.5340866279407894,0.8155376405703133
2,contrast,full_minus_heterogeneity,0.7890267690820347,0.9522735898533459,-0.003642895584905048,-0.056743857657348844,0.039428203261739764,1.616508615403907,0.44678945783649376
2,contrast,full_minus_degradation,0.7692588051537094,0.9221843651370493,0.058779788133112576,-0.003674398508169226,0.10617586601643536,0.5673123328534793,0.8067969954341703
