experiment,feature,split_seed,MAE,RMSE,R2
1,blur,17,0.7481938621559857,0.9016083915259953,0.03217831200851018
1,blur,29,0.751585089909929,0.9054970513326243,0.02381182954878147
1,blur,43,0.7368897583908074,0.8900901945701576,0.0567485244288799
1,blur,61,0.7509731788458147,0.9042551230233128,0.02648776167512068
1,blur,89,0.7521876024762003,0.9097561285537744,0.014607075678166659
1,contrast,17,0.7169431508358843,0.8849141755968752,0.018441394872158123
1,contrast,29,0.7333495777790335,0.9039240042847264,-0.024183487069100895
1,contrast,43,0.7133895655419323,0.8802980466218863,0.02865522876667037
1,contrast,61,0.721476821875031,0.8857910986592019,0.016495041449776093
1,contrast,89,0.7196192869271927,0.8839138450400501,0.020659300562221983
2,blur,17,0.7619850899115912,0.9222302442671412,0.08330059799447354
2,blur,29,0.7773704700401677,0.9439640399610225,0.039584573378094845
2,blur,43,0.7684937782229754,0.9264433723005657,0.07490574438848474
2,blur,61,0.7708700412759023,0.9292740440955027,0.06924400873866843
2,blur,89,0.7672030179741895,0.9280960878375448,0.07160218274474195
2,contrast,17,0.7809254294735837,0.939254382429824,0.0236125351211931
2,contrast,29,0.7933345454976908,0.9576383311228217,-0.01498302096037829
2,contrast,43,0.7693540460751849,0.9244931092772894,0.0540610856801339
2,contrast,61,0.7868248621455249,0.9456806263292786,0.010206223186809638
2,contrast,89,0.7807807201276636,0.9373264666272588,0.027616691942022875
