experiment,feature_family,fold,feature_block,repeat,delta_MAE
1,blur,0,demographic_block,0,0.013107432010442954
1,blur,0,demographic_block,1,0.021055115334668417
1,blur,0,demographic_block,2,-0.009863794130729464
1,blur,0,demographic_block,3,0.0028461224929480222
1,blur,0,demographic_block,4,0.0014166663324127748
1,blur,0,demographic_block,5,-0.004985414784679398
1,blur,0,demographic_block,6,0.025761774525414394
1,blur,0,demographic_block,7,0.002685040346433465
1,blur,0,framerate,0,-0.0005875628720879433
1,blur,0,framerate,1,0.001271258524540242
1,blur,0,framerate,2,-8.630677891108274e-05
1,blur,0,framerate,3,-0.0008713464198623067
1,blur,0,framerate,4,-0.0005864083423683386
1,blur,0,framerate,5,-0.0006068927039810657
1,blur,0,framerate,6,-0.0006313559423656301
1,blur,0,framerate,7,-0.0006009996101989934
1,blur,1,demographic_block,0,0.0369405477966237
1,blur,1,demographic_block,1,0.009259857058351195
1,blur,1,demographic_block,2,0.014124671444183057
1,blur,1,demographic_block,3,0.02152530070504921
1,blur,1,demographic_block,4,0.039564050668847495
1,blur,1,demographic_block,5,0.03149460959846262
1,blur,1,demographic_block,6,0.018013211443319466
1,blur,1,demographic_block,7,0.022085375267058893
1,blur,1,framerate,0,-0.04339549681316823
1,blur,1,framerate,1,-0.07550574522646436
1,blur,1,framerate,2,-0.06668182618100194
1,blur,1,framerate,3,-0.06865837766054073
1,blur,1,framerate,4,-0.03707391557235418
1,blur,1,framerate,5,-0.029107169302469593
1,blur,1,framerate,6,-0.03781210914347255
1,blur,1,framerate,7,-0.04466363330539991
1,blur,2,demographic_block,0,0.013686291560588648
1,blur,2,demographic_block,1,0.029805901513827338
1,blur,2,demographic_block,2,0.01886130403678743
1,blur,2,demographic_block,3,0.018465511316948624
1,blur,2,demographic_block,4,0.02588046110557274
1,blur,2,demographic_block,5,0.02291532327541146
1,blur,2,demographic_block,6,0.008361581488954606
1,blur,2,demographic_block,7,0.03472545237402813
1,blur,2,framerate,0,-0.0006856785540261257
1,blur,2,framerate,1,6.826187550856844e-05
1,blur,2,framerate,2,-0.00039262103065940135
1,blur,2,framerate,3,-0.000826739411970423
1,blur,2,framerate,4,1.2601590807626017e-05
1,blur,2,framerate,5,0.0003040298446194134
1,blur,2,framerate,6,-0.0006592569311858476
1,blur,2,framerate,7,-0.0007278742433080021
1,blur,3,demographic_block,0,0.07112649291057671
1,blur,3,demographic_block,1,-0.02519050461506045
1,blur,3,demographic_block,2,0.05922856296982226
1,blur,3,demographic_block,3,0.06070090927166516
1,blur,3,demographic_block,4,0.04974180408978224
1,blur,3,demographic_block,5,0.0560124573970876
1,blur,3,demographic_block,6,0.04198342320740167
1,blur,3,demographic_block,7,-0.0010292614652450682
1,blur,3,framerate,0,-0.0018841873184031188
1,blur,3,framerate,1,-0.00017900054639363727
1,blur,3,framerate,2,-0.0002227295960268716
1,blur,3,framerate,3,-0.0042917963584361285
1,blur,3,framerate,4,-0.006223381142189011
1,blur,3,framerate,5,-0.0010592943223900475
1,blur,3,framerate,6,-0.006480616412761209
1,blur,3,framerate,7,-0.006178549736756467
1,blur,4,demographic_block,0,-0.017061721337076285
1,blur,4,demographic_block,1,-0.023468029479728036
1,blur,4,demographic_block,2,0.010665985535088796
1,blur,4,demographic_block,3,0.017797407025453404
1,blur,4,demographic_block,4,0.011102556851699252
1,blur,4,demographic_block,5,-0.04678324484705265
1,blur,4,demographic_block,6,-0.025131533515118765
1,blur,4,demographic_block,7,-0.08019101894958636
1,blur,4,framerate,0,-0.010699554274246625
1,blur,4,framerate,1,-0.018063095793631412
1,blur,4,framerate,2,-0.016621131279954127
1,blur,4,framerate,3,-0.0060232069038899105
1,blur,4,framerate,4,-0.016018952882595028
1,blur,4,framerate,5,-0.009473485613231025
1,blur,4,framerate,6,-0.008960587518543006
1,blur,4,framerate,7,-0.009909299037568209
1,contrast,0,demographic_block,0,0.007992416026869953
1,contrast,0,demographic_block,1,0.02466983282707569
1,contrast,0,demographic_block,2,0.013915314684309066
1,contrast,0,demographic_block,3,-0.000979325504192552
1,contrast,0,demographic_block,4,-0.00261652623019204
1,contrast,0,demographic_block,5,0.019523806467761418
1,contrast,0,demographic_block,6,0.025951585196700266
1,contrast,0,demographic_block,7,0.004974843898027492
1,contrast,0,framerate,0,0.00015662745580280468
1,contrast,0,framerate,1,-0.006588272122497907
1,contrast,0,framerate,2,-0.007142261906545322
1,contrast,0,framerate,3,-0.001991708611104981
1,contrast,0,framerate,4,-0.00010937056633586462
1,contrast,0,framerate,5,0.00015779257121240065
1,contrast,0,framerate,6,-0.008107508233519356
1,contrast,0,framerate,7,-0.0023602374510149904
1,contrast,1,demographic_block,0,0.0023414920098447922
1,contrast,1,demographic_block,1,-0.003760719771519483
1,contrast,1,demographic_block,2,-0.005326980764257638
1,contrast,1,demographic_block,3,0.00918508002679963
1,contrast,1,demographic_block,4,-0.0008898371511452119
1,contrast,1,demographic_block,5,-0.019130058305335873
1,contrast,1,demographic_block,6,-0.05020009515097035
1,contrast,1,demographic_block,7,-0.0060650194552641645
1,contrast,1,framerate,0,0.007593629260497892
1,contrast,1,framerate,1,0.00470100119469008
1,contrast,1,framerate,2,0.00853312815835261
1,contrast,1,framerate,3,0.0027646430179140147
1,contrast,1,framerate,4,0.007667174601685756
1,contrast,1,framerate,5,0.009105423685682679
1,contrast,1,framerate,6,0.006825277166626176
1,contrast,1,framerate,7,0.009129691480293856
1,contrast,2,demographic_block,0,0.019896150799569523
1,contrast,2,demographic_block,1,0.02615066643791697
1,contrast,2,demographic_block,2,0.019395956829949434
1,contrast,2,demographic_block,3,0.014312583003761925
1,contrast,2,demographic_block,4,0.01672878224237262
1,contrast,2,demographic_block,5,0.013804850489333442
1,contrast,2,demographic_block,6,0.014381213017815253
1,contrast,2,demographic_block,7,0.039597495029412566
1,contrast,2,framerate,0,0.02846709111438417
1,contrast,2,framerate,1,0.01982709735950572
1,contrast,2,framerate,2,0.018892673863523113
1,contrast,2,framerate,3,-0.000732416700503058
1,contrast,2,framerate,4,-0.0008277720536078448
1,contrast,2,framerate,5,0.003981934864736414
1,contrast,2,framerate,6,-0.00206413882893397
1,contrast,2,framerate,7,0.020270835508101603
1,contrast,3,demographic_block,0,0.01324084804722958
1,contrast,3,demographic_block,1,0.03640161591444335
1,contrast,3,demographic_block,2,0.022573311865027645
1,contrast,3,demographic_block,3,0.010089370695046562
1,contrast,3,demographic_block,4,0.03668244601315851
1,contrast,3,demographic_block,5,0.030664762014639968
1,contrast,3,demographic_block,6,0.03643717372499755
1,contrast,3,demographic_block,7,0.04966198082044515
1,contrast,3,framerate,0,-0.014326247707771134
1,contrast,3,framerate,1,-0.005176735417957268
1,contrast,3,framerate,2,-0.021172652162779637
1,contrast,3,framerate,3,-0.014472466698182918
1,contrast,3,framerate,4,-0.00042492036800556576
1,contrast,3,framerate,5,-0.014311094191759133
1,contrast,3,framerate,6,-0.020861665335384916
1,contrast,3,framerate,7,-0.009526399721656365
1,contrast,4,demographic_block,0,0.04980987099616263
1,contrast,4,demographic_block,1,0.055680881794087145
1,contrast,4,demographic_block,2,0.036836165348388406
1,contrast,4,demographic_block,3,0.0028844744875313744
1,contrast,4,demographic_block,4,0.054024189598651295
1,contrast,4,demographic_block,5,0.030439698850564745
1,contrast,4,demographic_block,6,-0.0020556519275427565
1,contrast,4,demographic_block,7,0.03147991718598386
1,contrast,4,framerate,0,0.003856087944717812
1,contrast,4,framerate,1,0.014786351238378015
1,contrast,4,framerate,2,0.011150232282257644
1,contrast,4,framerate,3,0.01183287960619861
1,contrast,4,framerate,4,0.011180249923563257
1,contrast,4,framerate,5,0.014608576018338093
1,contrast,4,framerate,6,0.01712503157933376
1,contrast,4,framerate,7,0.01609667897223377
2,blur,0,demographic_block,0,0.01493342179642243
2,blur,0,demographic_block,1,0.0351817514382996
2,blur,0,demographic_block,2,0.023218401805125355
2,blur,0,demographic_block,3,0.011562226088933758
2,blur,0,demographic_block,4,0.0187852724602785
2,blur,0,demographic_block,5,0.0021762155832956154
2,blur,0,demographic_block,6,0.03412977533039041
2,blur,0,demographic_block,7,0.03357904249449173
2,blur,0,framerate,0,0.018002474668269097
2,blur,0,framerate,1,0.01692888706273965
2,blur,0,framerate,2,0.008756505986422525
2,blur,0,framerate,3,-0.01806962055546235
2,blur,0,framerate,4,0.019194985627002503
2,blur,0,framerate,5,-0.010192425633495206
2,blur,0,framerate,6,0.013807629010296196
2,blur,0,framerate,7,-0.007045605600903726
2,blur,1,demographic_block,0,0.020045096310646993
2,blur,1,demographic_block,1,0.04930373843038616
2,blur,1,demographic_block,2,0.016871937463770914
2,blur,1,demographic_block,3,0.011592935182411335
2,blur,1,demographic_block,4,0.022667760130442915
2,blur,1,demographic_block,5,0.04611608215722007
2,blur,1,demographic_block,6,0.029830711704304846
2,blur,1,demographic_block,7,0.03277024324857136
2,blur,1,framerate,0,0.009307314527700061
2,blur,1,framerate,1,0.008747599302604825
2,blur,1,framerate,2,0.0015878181443446104
2,blur,1,framerate,3,0.0014255296309261256
2,blur,1,framerate,4,0.00865619146590868
2,blur,1,framerate,5,0.003831992588145705
2,blur,1,framerate,6,0.013557760734146496
2,blur,1,framerate,7,0.009103091469431335
2,blur,2,demographic_block,0,-0.025970615381363804
2,blur,2,demographic_block,1,-0.01717443618160419
2,blur,2,demographic_block,2,-0.019024037666191318
2,blur,2,demographic_block,3,-0.051097404127913415
2,blur,2,demographic_block,4,-0.057035371666912416
2,blur,2,demographic_block,5,-0.043654824028573236
2,blur,2,demographic_block,6,-0.03561073602236686
2,blur,2,demographic_block,7,-0.03783428306499137
2,blur,2,framerate,0,0.0227866661391527
2,blur,2,framerate,1,0.013101897031961185
2,blur,2,framerate,2,0.030787195067008666
2,blur,2,framerate,3,0.0534295938611179
2,blur,2,framerate,4,0.011587301028953556
2,blur,2,framerate,5,0.02305765128300974
2,blur,2,framerate,6,0.008022223303520426
2,blur,2,framerate,7,0.04679972448419378
2,blur,3,demographic_block,0,0.032970637652740775
2,blur,3,demographic_block,1,0.008847880035549482
2,blur,3,demographic_block,2,0.023462317216311868
2,blur,3,demographic_block,3,0.014061177025627924
2,blur,3,demographic_block,4,0.021798995245810637
2,blur,3,demographic_block,5,0.0669004614226022
2,blur,3,demographic_block,6,-0.016483761796670326
2,blur,3,demographic_block,7,-0.0006767753397647347
2,blur,3,framerate,0,0.012321487095152794
2,blur,3,framerate,1,0.007924607991208421
2,blur,3,framerate,2,0.016468588132482198
2,blur,3,framerate,3,0.012613815157765274
2,blur,3,framerate,4,0.009386281087902848
2,blur,3,framerate,5,0.024373187528327733
2,blur,3,framerate,6,-0.000703369820109323
2,blur,3,framerate,7,-0.009805798953812284
2,blur,4,demographic_block,0,0.029536260510995893
2,blur,4,demographic_block,1,0.02656984305681076
2,blur,4,demographic_block,2,0.02819157736051625
2,blur,4,demographic_block,3,0.017806936887148406
2,blur,4,demographic_block,4,0.022153123452405832
2,blur,4,demographic_block,5,0.046898115314221056
2,blur,4,demographic_block,6,0.030744449516716732
2,blur,4,demographic_block,7,0.018594146394386724
2,blur,4,framerate,0,0.0024110724527647287
2,blur,4,framerate,1,-0.003921809836104795
2,blur,4,framerate,2,-0.0010283865881404175
2,blur,4,framerate,3,-0.00039166540193469324
2,blur,4,framerate,4,7.22805838578866e-05
2,blur,4,framerate,5,0.0019988523063947383
2,blur,4,framerate,6,-0.003510356739720555
2,blur,4,framerate,7,-0.0047813627275701265
2,contrast,0,demographic_block,0,0.015045686285207638
2,contrast,0,demographic_block,1,0.03551923655869993
2,contrast,0,demographic_block,2,0.013871262852268584
2,contrast,0,demographic_block,3,0.032816945850054347
2,contrast,0,demographic_block,4,0.01646846817119052
2,contrast,0,demographic_block,5,0.07897213195764796
2,contrast,0,demographic_block,6,0.010632958398555603
2,contrast,0,demographic_block,7,0.02781814418197437
2,contrast,0,framerate,0,-0.006330499994022354
2,contrast,0,framerate,1,-0.010707938031403241
2,contrast,0,framerate,2,-0.0029779729242592756
2,contrast,0,framerate,3,0.011076520653603872
2,contrast,0,framerate,4,0.0014720088707413925
2,contrast,0,framerate,5,0.006958163520109251
2,contrast,0,framerate,6,-0.01494660721296115
2,contrast,0,framerate,7,-0.010044907359953337
2,contrast,1,demographic_block,0,0.01806500230436936
2,contrast,1,demographic_block,1,0.001038304815309865
2,contrast,1,demographic_block,2,0.02907545210442719
2,contrast,1,demographic_block,3,-0.004402300810137483
2,contrast,1,demographic_block,4,-0.0035342746288107296
2,contrast,1,demographic_block,5,-0.029736371302960696
2,contrast,1,demographic_block,6,-0.01722807304167917
2,contrast,1,demographic_block,7,0.024700536654201688
2,contrast,1,framerate,0,0.0004575659136603072
2,contrast,1,framerate,1,-0.00041184181981246404
2,contrast,1,framerate,2,-0.000179769331478008
2,contrast,1,framerate,3,-0.001869952523804952
2,contrast,1,framerate,4,-0.0021265411755522212
2,contrast,1,framerate,5,-0.002792637879136195
2,contrast,1,framerate,6,-0.0015446220615719097
2,contrast,1,framerate,7,-0.0002580020981253206
2,contrast,2,demographic_block,0,-0.0016014315715989769
2,contrast,2,demographic_block,1,0.008594451442385798
2,contrast,2,demographic_block,2,-0.008043996128324737
2,contrast,2,demographic_block,3,0.013470091377154603
2,contrast,2,demographic_block,4,-0.012916979329554046
2,contrast,2,demographic_block,5,-0.008709189901411785
2,contrast,2,demographic_block,6,0.02470946892723047
2,contrast,2,demographic_block,7,0.021265028013082388
2,contrast,2,framerate,0,0.004791986293172235
2,contrast,2,framerate,1,0.005090034676312527
2,contrast,2,framerate,2,-0.003914334591809454
2,contrast,2,framerate,3,-0.0019216770843933917
2,contrast,2,framerate,4,0.0037053339412053132
2,contrast,2,framerate,5,-0.0004213285179603954
2,contrast,2,framerate,6,0.003944209194552184
2,contrast,2,framerate,7,-0.0005859466972412131
2,contrast,3,demographic_block,0,0.017410583592074258
2,contrast,3,demographic_block,1,0.042659051868655484
2,contrast,3,demographic_block,2,0.029912758435457043
2,contrast,3,demographic_block,3,0.01728597457818848
2,contrast,3,demographic_block,4,0.05632661567541297
2,contrast,3,demographic_block,5,0.02339801043317291
2,contrast,3,demographic_block,6,0.04339316127044912
2,contrast,3,demographic_block,7,0.009171325896146554
2,contrast,3,framerate,0,-0.003763960523915033
2,contrast,3,framerate,1,-0.0069895198408884696
2,contrast,3,framerate,2,-0.006082878998569741
2,contrast,3,framerate,3,-0.012028121503520173
2,contrast,3,framerate,4,-0.009730061591176509
2,contrast,3,framerate,5,0.000632444462651871
2,contrast,3,framerate,6,-0.0008381115318120136
2,contrast,3,framerate,7,-0.0036207287790678278
2,contrast,4,demographic_block,0,0.010398831438206968
2,contrast,4,demographic_block,1,0.03613096988917619
2,contrast,4,demographic_block,2,0.02547979317270621
2,contrast,4,demographic_block,3,0.025392325732377707
2,contrast,4,demographic_block,4,0.01774032822408189
2,contrast,4,demographic_block,5,0.012685898563705056
2,contrast,4,demographic_block,6,0.010176446591348975
2,contrast,4,demographic_block,7,0.015752576139718255
2,contrast,4,framerate,0,-0.000906280321311348
2,contrast,4,framerate,1,-0.0006153678483149516
2,contrast,4,framerate,2,-0.0025941287581575656
2,contrast,4,framerate,3,-2.4269169857205064e-05
2,contrast,4,framerate,4,0.0006888133981244327
2,contrast,4,framerate,5,-0.0019259587212030471
2,contrast,4,framerate,6,-0.0016912100458331691
2,contrast,4,framerate,7,-0.002496026993556777
