experiment,feature,analysis,MAE,RMSE,R2
1,blur,four_response_only,0.7451385907266391,0.9008215638053011,0.03726233055694472
1,blur,last_valid_complete_run,0.7513008281899966,0.9116253767725173,0.001267596179828634
1,contrast,four_response_only,0.7343929550613884,0.8967782293029124,-0.0006656959688593478
1,contrast,last_valid_complete_run,0.7124250611395705,0.8747579235419377,0.0326441174406682
2,blur,four_response_only,0.768394449802774,0.9297069099955348,0.07022253646716614
2,blur,last_valid_complete_run,0.7692276563900906,0.9262357039938959,0.07448759434625796
2,contrast,four_response_only,0.772936113693585,0.926604310816765,0.051438297277133005
2,contrast,last_valid_complete_run,0.767008046319923,0.9203495961056928,0.06252134747492533
2,blur,exclude_nmods5,0.7714494286763728,0.9328820392730699,0.06378781021938251
1,blur,plus_first_session_baseline_trial,0.7537826219026955,0.9148518595444908,0.003537384003069244
2,contrast,exclude_nmods5,0.7665063194233181,0.9197621747595957,0.06393942636499494
1,contrast,plus_first_session_baseline_trial,0.7239599148039237,0.8872861106941027,0.013172378668999896
