model,scheme,fold,training_rows,test_rows,training_groups,test_groups,test_group_overlap
RandomForest,row,0,1920,480,80,80,1.0
RandomForest,row,1,1920,480,80,80,1.0
RandomForest,row,2,1920,480,80,80,1.0
RandomForest,row,3,1920,480,80,80,1.0
RandomForest,row,4,1920,480,80,80,1.0
RandomForest,group,0,1920,480,64,16,0.0
RandomForest,group,1,1920,480,64,16,0.0
RandomForest,group,2,1920,480,64,16,0.0
RandomForest,group,3,1920,480,64,16,0.0
RandomForest,group,4,1920,480,64,16,0.0
Ridge,group,0,1920,480,64,16,0.0
Ridge,group,1,1920,480,64,16,0.0
Ridge,group,2,1920,480,64,16,0.0
Ridge,group,3,1920,480,64,16,0.0
Ridge,group,4,1920,480,64,16,0.0
MeanBaseline,group,0,1920,480,64,16,0.0
MeanBaseline,group,1,1920,480,64,16,0.0
MeanBaseline,group,2,1920,480,64,16,0.0
MeanBaseline,group,3,1920,480,64,16,0.0
MeanBaseline,group,4,1920,480,64,16,0.0
