synthetic_group,observed,predicted,model,scheme
SIM000,2.8,2.84437574784,RandomForest,row
SIM001,2.2,2.33683480589,RandomForest,row
SIM002,1.76666666667,2.09188287532,RandomForest,row
SIM003,1.96666666667,2.05905678455,RandomForest,row
SIM004,2.13333333333,2.04760225375,RandomForest,row
SIM005,2.33333333333,2.68603815207,RandomForest,row
SIM006,1.7,1.96937003255,RandomForest,row
SIM007,1.06666666667,1.88715782621,RandomForest,row
SIM008,1.63333333333,2.26189430415,RandomForest,row
SIM009,3.3,2.89360114779,RandomForest,row
SIM010,1.16666666667,1.61079616903,RandomForest,row
SIM011,2.26666666667,2.17848710761,RandomForest,row
SIM012,2.66666666667,2.31855275552,RandomForest,row
SIM013,1.83333333333,1.93448431589,RandomForest,row
SIM014,1.76666666667,1.83382962128,RandomForest,row
SIM015,3.33333333333,2.48612463577,RandomForest,row
SIM016,2.03333333333,2.04693761268,RandomForest,row
SIM017,3.13333333333,2.59053185441,RandomForest,row
SIM018,0.9,1.38731268832,RandomForest,row
SIM019,1.7,1.78882489942,RandomForest,row
SIM020,1.13333333333,1.59173197084,RandomForest,row
SIM021,3.43333333333,2.58691328743,RandomForest,row
SIM022,2.83333333333,2.23534284921,RandomForest,row
SIM023,2.93333333333,2.74055063346,RandomForest,row
SIM024,2.6,2.37407384345,RandomForest,row
SIM025,2.43333333333,2.37357915503,RandomForest,row
SIM026,2.6,2.38535035141,RandomForest,row
SIM027,3,2.38323684576,RandomForest,row
SIM028,2.83333333333,2.82107642282,RandomForest,row
SIM029,2.3,2.59166829774,RandomForest,row
SIM030,2.46666666667,2.69968978983,RandomForest,row
SIM031,2.66666666667,2.67456086946,RandomForest,row
SIM032,1.46666666667,1.82871715491,RandomForest,row
SIM033,2.4,2.42924846035,RandomForest,row
SIM034,3.2,2.615760987,RandomForest,row
SIM035,2.1,1.87016438045,RandomForest,row
SIM036,2.4,2.36794698505,RandomForest,row
SIM037,2.3,2.57031071957,RandomForest,row
SIM038,2.5,2.08599027986,RandomForest,row
SIM039,2.33333333333,2.15240188649,RandomForest,row
SIM040,1.2,1.51255151982,RandomForest,row
SIM041,1.56666666667,1.84484412572,RandomForest,row
SIM042,2.2,2.13916975337,RandomForest,row
SIM043,2.1,2.38622112509,RandomForest,row
SIM044,2.36666666667,2.28690451296,RandomForest,row
SIM045,1.8,1.84048662728,RandomForest,row
SIM046,1,2.29334240367,RandomForest,row
SIM047,2.93333333333,2.97046905257,RandomForest,row
SIM048,2.63333333333,2.64539923541,RandomForest,row
SIM049,1.6,1.90113033448,RandomForest,row
SIM050,3.43333333333,2.96966307286,RandomForest,row
SIM051,2.06666666667,2.35287180552,RandomForest,row
SIM052,1.63333333333,1.82314547021,RandomForest,row
SIM053,2.16666666667,2.44031087131,RandomForest,row
SIM054,3.23333333333,3.03302819748,RandomForest,row
SIM055,1.96666666667,1.76809550171,RandomForest,row
SIM056,2.43333333333,2.54941653345,RandomForest,row
SIM057,2.73333333333,2.67917976138,RandomForest,row
SIM058,1.23333333333,1.88027796798,RandomForest,row
SIM059,2.73333333333,2.62112877508,RandomForest,row
SIM060,2.66666666667,2.45106006913,RandomForest,row
SIM061,2,2.20907767738,RandomForest,row
SIM062,2.33333333333,2.72975127828,RandomForest,row
SIM063,2.8,2.79103478172,RandomForest,row
SIM064,1.43333333333,1.84179148574,RandomForest,row
SIM065,2.03333333333,2.31232100231,RandomForest,row
SIM066,3.66666666667,3.21154362764,RandomForest,row
SIM067,1.73333333333,1.78823086076,RandomForest,row
SIM068,2.66666666667,2.71398447216,RandomForest,row
SIM069,3,2.95971083536,RandomForest,row
SIM070,2.8,2.49237293373,RandomForest,row
SIM071,2.13333333333,2.17875666808,RandomForest,row
SIM072,2.93333333333,2.79143843806,RandomForest,row
SIM073,2.56666666667,2.48836504726,RandomForest,row
SIM074,3,2.5495121726,RandomForest,row
SIM075,2.06666666667,2.13859869615,RandomForest,row
SIM076,2.8,2.72890540394,RandomForest,row
SIM077,3.1,2.62775752912,RandomForest,row
SIM078,1.6,1.92679847794,RandomForest,row
SIM079,3.76666666667,2.80687526827,RandomForest,row
SIM000,2.8,2.33540411388,RandomForest,group
SIM001,2.2,2.0948358434,RandomForest,group
SIM002,1.76666666667,1.89212135997,RandomForest,group
SIM003,1.96666666667,1.91597020858,RandomForest,group
SIM004,2.13333333333,1.9150999012,RandomForest,group
SIM005,2.33333333333,2.70392296511,RandomForest,group
SIM006,1.7,2.22891208478,RandomForest,group
SIM007,1.06666666667,2.87830967291,RandomForest,group
SIM008,1.63333333333,2.69323229053,RandomForest,group
SIM009,3.3,2.63664284177,RandomForest,group
SIM010,1.16666666667,1.7158021214,RandomForest,group
SIM011,2.26666666667,1.73139037411,RandomForest,group
SIM012,2.66666666667,1.71476540022,RandomForest,group
SIM013,1.83333333333,2.86581501636,RandomForest,group
SIM014,1.76666666667,2.09393375993,RandomForest,group
SIM015,3.33333333333,1.70789342161,RandomForest,group
SIM016,2.03333333333,2.51438424022,RandomForest,group
SIM017,3.13333333333,1.2620262074,RandomForest,group
SIM018,0.9,1.94791487316,RandomForest,group
SIM019,1.7,2.29342644317,RandomForest,group
SIM020,1.13333333333,3.00011155719,RandomForest,group
SIM021,3.43333333333,1.45291004559,RandomForest,group
SIM022,2.83333333333,1.55647924493,RandomForest,group
SIM023,2.93333333333,2.17739052435,RandomForest,group
SIM024,2.6,2.00889045969,RandomForest,group
SIM025,2.43333333333,1.85346162805,RandomForest,group
SIM026,2.6,1.74410702318,RandomForest,group
SIM027,3,1.9276646844,RandomForest,group
SIM028,2.83333333333,2.98086236498,RandomForest,group
SIM029,2.3,2.68101850323,RandomForest,group
SIM030,2.46666666667,2.95287570169,RandomForest,group
SIM031,2.66666666667,2.50024995926,RandomForest,group
SIM032,1.46666666667,2.21098496284,RandomForest,group
SIM033,2.4,2.81848928236,RandomForest,group
SIM034,3.2,1.69787491405,RandomForest,group
SIM035,2.1,1.73823615267,RandomForest,group
SIM036,2.4,2.34197488103,RandomForest,group
SIM037,2.3,2.42496570993,RandomForest,group
SIM038,2.5,1.75333715115,RandomForest,group
SIM039,2.33333333333,2.02734416709,RandomForest,group
SIM040,1.2,2.97329930805,RandomForest,group
SIM041,1.56666666667,1.90690364151,RandomForest,group
SIM042,2.2,2.51908778169,RandomForest,group
SIM043,2.1,2.86867049325,RandomForest,group
SIM044,2.36666666667,2.23047684122,RandomForest,group
SIM045,1.8,1.85346162805,RandomForest,group
SIM046,1,3.21786587042,RandomForest,group
SIM047,2.93333333333,2.94988880374,RandomForest,group
SIM048,2.63333333333,2.18650001046,RandomForest,group
SIM049,1.6,2.80655120011,RandomForest,group
SIM050,3.43333333333,2.71718103747,RandomForest,group
SIM051,2.06666666667,3.39242135307,RandomForest,group
SIM052,1.63333333333,2.04905886663,RandomForest,group
SIM053,2.16666666667,2.381206083,RandomForest,group
SIM054,3.23333333333,2.72399678781,RandomForest,group
SIM055,1.96666666667,1.72898065378,RandomForest,group
SIM056,2.43333333333,2.42888361465,RandomForest,group
SIM057,2.73333333333,2.61164779101,RandomForest,group
SIM058,1.23333333333,2.84107093599,RandomForest,group
SIM059,2.73333333333,2.52395509891,RandomForest,group
SIM060,2.66666666667,1.90383436885,RandomForest,group
SIM061,2,2.3479099089,RandomForest,group
SIM062,2.33333333333,1.2620262074,RandomForest,group
SIM063,2.8,2.89761908441,RandomForest,group
SIM064,1.43333333333,2.09752600458,RandomForest,group
SIM065,2.03333333333,2.48475399619,RandomForest,group
SIM066,3.66666666667,2.72446283199,RandomForest,group
SIM067,1.73333333333,1.43906514703,RandomForest,group
SIM068,2.66666666667,2.86122208189,RandomForest,group
SIM069,3,2.85763508659,RandomForest,group
SIM070,2.8,2.25201134485,RandomForest,group
SIM071,2.13333333333,2.62045736861,RandomForest,group
SIM072,2.93333333333,2.44462464531,RandomForest,group
SIM073,2.56666666667,2.78073580443,RandomForest,group
SIM074,3,1.31637969657,RandomForest,group
SIM075,2.06666666667,2.80555630877,RandomForest,group
SIM076,2.8,2.50808920585,RandomForest,group
SIM077,3.1,2.23289636167,RandomForest,group
SIM078,1.6,2.17127467288,RandomForest,group
SIM079,3.76666666667,1.99134506064,RandomForest,group
SIM000,2.8,2.34298271942,Ridge,group
SIM001,2.2,2.19846152334,Ridge,group
SIM002,1.76666666667,2.3416325269,Ridge,group
SIM003,1.96666666667,2.36364276656,Ridge,group
SIM004,2.13333333333,2.26760460182,Ridge,group
SIM005,2.33333333333,2.34311404483,Ridge,group
SIM006,1.7,2.28995576323,Ridge,group
SIM007,1.06666666667,2.41275153154,Ridge,group
SIM008,1.63333333333,2.35222008295,Ridge,group
SIM009,3.3,2.27671526777,Ridge,group
SIM010,1.16666666667,2.34284114472,Ridge,group
SIM011,2.26666666667,2.26986140236,Ridge,group
SIM012,2.66666666667,2.34926844169,Ridge,group
SIM013,1.83333333333,2.35387289679,Ridge,group
SIM014,1.76666666667,2.26802055062,Ridge,group
SIM015,3.33333333333,2.34263983203,Ridge,group
SIM016,2.03333333333,2.35973582085,Ridge,group
SIM017,3.13333333333,2.24744936018,Ridge,group
SIM018,0.9,2.36188624285,Ridge,group
SIM019,1.7,2.28080988554,Ridge,group
SIM020,1.13333333333,2.34334874075,Ridge,group
SIM021,3.43333333333,2.19660468839,Ridge,group
SIM022,2.83333333333,2.34787953398,Ridge,group
SIM023,2.93333333333,2.35820801448,Ridge,group
SIM024,2.6,2.26316181322,Ridge,group
SIM025,2.43333333333,2.34551017592,Ridge,group
SIM026,2.6,2.22872725251,Ridge,group
SIM027,3,2.18414967161,Ridge,group
SIM028,2.83333333333,2.35864455087,Ridge,group
SIM029,2.3,2.27698451809,Ridge,group
SIM030,2.46666666667,2.34418528076,Ridge,group
SIM031,2.66666666667,2.40644037177,Ridge,group
SIM032,1.46666666667,2.39556441251,Ridge,group
SIM033,2.4,2.35451865854,Ridge,group
SIM034,3.2,2.26471694154,Ridge,group
SIM035,2.1,2.34288868268,Ridge,group
SIM036,2.4,2.31364932975,Ridge,group
SIM037,2.3,2.42233255149,Ridge,group
SIM038,2.5,2.36063437918,Ridge,group
SIM039,2.33333333333,2.26373298034,Ridge,group
SIM040,1.2,2.34352662609,Ridge,group
SIM041,1.56666666667,2.27986356791,Ridge,group
SIM042,2.2,2.33153333751,Ridge,group
SIM043,2.1,2.35942341288,Ridge,group
SIM044,2.36666666667,2.25929829549,Ridge,group
SIM045,1.8,2.34555993886,Ridge,group
SIM046,1,2.46956277963,Ridge,group
SIM047,2.93333333333,2.29951329886,Ridge,group
SIM048,2.63333333333,2.36235786891,Ridge,group
SIM049,1.6,2.28099094667,Ridge,group
SIM050,3.43333333333,2.34305814522,Ridge,group
SIM051,2.06666666667,2.46719286527,Ridge,group
SIM052,1.63333333333,2.33338409208,Ridge,group
SIM053,2.16666666667,2.35997321656,Ridge,group
SIM054,3.23333333333,2.25931382811,Ridge,group
SIM055,1.96666666667,2.3428464163,Ridge,group
SIM056,2.43333333333,2.1793440022,Ridge,group
SIM057,2.73333333333,2.23396079074,Ridge,group
SIM058,1.23333333333,2.36269064145,Ridge,group
SIM059,2.73333333333,2.26199831115,Ridge,group
SIM060,2.66666666667,2.34531144736,Ridge,group
SIM061,2,2.23508544224,Ridge,group
SIM062,2.33333333333,2.24528065435,Ridge,group
SIM063,2.8,2.35894685223,Ridge,group
SIM064,1.43333333333,2.26697343103,Ridge,group
SIM065,2.03333333333,2.34570556665,Ridge,group
SIM066,3.66666666667,2.16589753403,Ridge,group
SIM067,1.73333333333,2.35741578715,Ridge,group
SIM068,2.66666666667,2.3590089801,Ridge,group
SIM069,3,2.27144519762,Ridge,group
SIM070,2.8,2.34437970749,Ridge,group
SIM071,2.13333333333,2.25293444637,Ridge,group
SIM072,2.93333333333,2.31263086599,Ridge,group
SIM073,2.56666666667,2.35704300066,Ridge,group
SIM074,3,2.27501459755,Ridge,group
SIM075,2.06666666667,2.34390217352,Ridge,group
SIM076,2.8,2.36719284079,Ridge,group
SIM077,3.1,2.31567152361,Ridge,group
SIM078,1.6,2.35794916066,Ridge,group
SIM079,3.76666666667,2.28213694397,Ridge,group
SIM000,2.8,2.34427083333,MeanBaseline,group
SIM001,2.2,2.325,MeanBaseline,group
SIM002,1.76666666667,2.31145833333,MeanBaseline,group
SIM003,1.96666666667,2.359375,MeanBaseline,group
SIM004,2.13333333333,2.2703125,MeanBaseline,group
SIM005,2.33333333333,2.34427083333,MeanBaseline,group
SIM006,1.7,2.325,MeanBaseline,group
SIM007,1.06666666667,2.31145833333,MeanBaseline,group
SIM008,1.63333333333,2.359375,MeanBaseline,group
SIM009,3.3,2.2703125,MeanBaseline,group
SIM010,1.16666666667,2.34427083333,MeanBaseline,group
SIM011,2.26666666667,2.325,MeanBaseline,group
SIM012,2.66666666667,2.31145833333,MeanBaseline,group
SIM013,1.83333333333,2.359375,MeanBaseline,group
SIM014,1.76666666667,2.2703125,MeanBaseline,group
SIM015,3.33333333333,2.34427083333,MeanBaseline,group
SIM016,2.03333333333,2.325,MeanBaseline,group
SIM017,3.13333333333,2.31145833333,MeanBaseline,group
SIM018,0.9,2.359375,MeanBaseline,group
SIM019,1.7,2.2703125,MeanBaseline,group
SIM020,1.13333333333,2.34427083333,MeanBaseline,group
SIM021,3.43333333333,2.325,MeanBaseline,group
SIM022,2.83333333333,2.31145833333,MeanBaseline,group
SIM023,2.93333333333,2.359375,MeanBaseline,group
SIM024,2.6,2.2703125,MeanBaseline,group
SIM025,2.43333333333,2.34427083333,MeanBaseline,group
SIM026,2.6,2.325,MeanBaseline,group
SIM027,3,2.31145833333,MeanBaseline,group
SIM028,2.83333333333,2.359375,MeanBaseline,group
SIM029,2.3,2.2703125,MeanBaseline,group
SIM030,2.46666666667,2.34427083333,MeanBaseline,group
SIM031,2.66666666667,2.325,MeanBaseline,group
SIM032,1.46666666667,2.31145833333,MeanBaseline,group
SIM033,2.4,2.359375,MeanBaseline,group
SIM034,3.2,2.2703125,MeanBaseline,group
SIM035,2.1,2.34427083333,MeanBaseline,group
SIM036,2.4,2.325,MeanBaseline,group
SIM037,2.3,2.31145833333,MeanBaseline,group
SIM038,2.5,2.359375,MeanBaseline,group
SIM039,2.33333333333,2.2703125,MeanBaseline,group
SIM040,1.2,2.34427083333,MeanBaseline,group
SIM041,1.56666666667,2.325,MeanBaseline,group
SIM042,2.2,2.31145833333,MeanBaseline,group
SIM043,2.1,2.359375,MeanBaseline,group
SIM044,2.36666666667,2.2703125,MeanBaseline,group
SIM045,1.8,2.34427083333,MeanBaseline,group
SIM046,1,2.325,MeanBaseline,group
SIM047,2.93333333333,2.31145833333,MeanBaseline,group
SIM048,2.63333333333,2.359375,MeanBaseline,group
SIM049,1.6,2.2703125,MeanBaseline,group
SIM050,3.43333333333,2.34427083333,MeanBaseline,group
SIM051,2.06666666667,2.325,MeanBaseline,group
SIM052,1.63333333333,2.31145833333,MeanBaseline,group
SIM053,2.16666666667,2.359375,MeanBaseline,group
SIM054,3.23333333333,2.2703125,MeanBaseline,group
SIM055,1.96666666667,2.34427083333,MeanBaseline,group
SIM056,2.43333333333,2.325,MeanBaseline,group
SIM057,2.73333333333,2.31145833333,MeanBaseline,group
SIM058,1.23333333333,2.359375,MeanBaseline,group
SIM059,2.73333333333,2.2703125,MeanBaseline,group
SIM060,2.66666666667,2.34427083333,MeanBaseline,group
SIM061,2,2.325,MeanBaseline,group
SIM062,2.33333333333,2.31145833333,MeanBaseline,group
SIM063,2.8,2.359375,MeanBaseline,group
SIM064,1.43333333333,2.2703125,MeanBaseline,group
SIM065,2.03333333333,2.34427083333,MeanBaseline,group
SIM066,3.66666666667,2.325,MeanBaseline,group
SIM067,1.73333333333,2.31145833333,MeanBaseline,group
SIM068,2.66666666667,2.359375,MeanBaseline,group
SIM069,3,2.2703125,MeanBaseline,group
SIM070,2.8,2.34427083333,MeanBaseline,group
SIM071,2.13333333333,2.325,MeanBaseline,group
SIM072,2.93333333333,2.31145833333,MeanBaseline,group
SIM073,2.56666666667,2.359375,MeanBaseline,group
SIM074,3,2.2703125,MeanBaseline,group
SIM075,2.06666666667,2.34427083333,MeanBaseline,group
SIM076,2.8,2.325,MeanBaseline,group
SIM077,3.1,2.31145833333,MeanBaseline,group
SIM078,1.6,2.359375,MeanBaseline,group
SIM079,3.76666666667,2.2703125,MeanBaseline,group
