synthetic_group,trial,condition,unit_marker,outcome
SIM000,0,C3,1.41070689263,3
SIM000,1,C5,1.41070689263,3
SIM000,2,C5,1.41070689263,3
SIM000,3,C3,1.41070689263,2
SIM000,4,C4,1.41070689263,4
SIM000,5,C0,1.41070689263,2
SIM000,6,C3,1.41070689263,3
SIM000,7,C1,1.41070689263,3
SIM000,8,C4,1.41070689263,4
SIM000,9,C0,1.41070689263,1
SIM000,10,C5,1.41070689263,3
SIM000,11,C2,1.41070689263,3
SIM000,12,C4,1.41070689263,4
SIM000,13,C3,1.41070689263,3
SIM000,14,C1,1.41070689263,3
SIM000,15,C1,1.41070689263,3
SIM000,16,C2,1.41070689263,3
SIM000,17,C5,1.41070689263,4
SIM000,18,C5,1.41070689263,3
SIM000,19,C0,1.41070689263,3
SIM000,20,C3,1.41070689263,3
SIM000,21,C1,1.41070689263,2
SIM000,22,C2,1.41070689263,2
SIM000,23,C4,1.41070689263,4
SIM000,24,C4,1.41070689263,4
SIM000,25,C0,1.41070689263,2
SIM000,26,C2,1.41070689263,2
SIM000,27,C0,1.41070689263,1
SIM000,28,C2,1.41070689263,2
SIM000,29,C1,1.41070689263,2
SIM001,0,C3,-1.54107913878,2
SIM001,1,C0,-1.54107913878,1
SIM001,2,C3,-1.54107913878,3
SIM001,3,C1,-1.54107913878,1
SIM001,4,C2,-1.54107913878,1
SIM001,5,C3,-1.54107913878,1
SIM001,6,C1,-1.54107913878,2
SIM001,7,C3,,3
SIM001,8,C4,-1.54107913878,3
SIM001,9,C4,-1.54107913878,3
SIM001,10,C2,-1.54107913878,2
SIM001,11,C2,-1.54107913878,2
SIM001,12,C4,-1.54107913878,2
SIM001,13,C0,-1.54107913878,2
SIM001,14,C2,-1.54107913878,2
SIM001,15,C4,-1.54107913878,1
SIM001,16,C0,-1.54107913878,2
SIM001,17,C5,-1.54107913878,3
SIM001,18,C5,-1.54107913878,3
SIM001,19,C3,-1.54107913878,3
SIM001,20,C5,-1.54107913878,4
SIM001,21,C1,-1.54107913878,2
SIM001,22,C4,-1.54107913878,4
SIM001,23,C1,-1.54107913878,1
SIM001,24,C5,-1.54107913878,3
SIM001,25,C0,,1
SIM001,26,C0,-1.54107913878,2
SIM001,27,C5,-1.54107913878,4
SIM001,28,C2,-1.54107913878,1
SIM001,29,C1,-1.54107913878,2
SIM002,0,C0,-0.329241079243,0
SIM002,1,C4,-0.329241079243,4
SIM002,2,C5,-0.329241079243,2
SIM002,3,C5,-0.329241079243,4
SIM002,4,C3,-0.329241079243,3
SIM002,5,C1,-0.329241079243,0
SIM002,6,C0,-0.329241079243,0
SIM002,7,C2,-0.329241079243,0
SIM002,8,C1,-0.329241079243,0
SIM002,9,C4,-0.329241079243,2
SIM002,10,C4,-0.329241079243,2
SIM002,11,C2,-0.329241079243,2
SIM002,12,C3,-0.329241079243,2
SIM002,13,C4,-0.329241079243,2
SIM002,14,C2,-0.329241079243,1
SIM002,15,C1,-0.329241079243,1
SIM002,16,C2,-0.329241079243,2
SIM002,17,C3,-0.329241079243,3
SIM002,18,C3,-0.329241079243,3
SIM002,19,C0,-0.329241079243,1
SIM002,20,C1,-0.329241079243,2
SIM002,21,C5,-0.329241079243,2
SIM002,22,C3,-0.329241079243,2
SIM002,23,C4,-0.329241079243,4
SIM002,24,C5,-0.329241079243,1
SIM002,25,C0,-0.329241079243,1
SIM002,26,C1,-0.329241079243,3
SIM002,27,C0,-0.329241079243,0
SIM002,28,C5,-0.329241079243,2
SIM002,29,C2,-0.329241079243,2
SIM003,0,C3,-1.10556028907,2
SIM003,1,C1,-1.10556028907,2
SIM003,2,C0,-1.10556028907,1
SIM003,3,C5,-1.10556028907,2
SIM003,4,C1,,2
SIM003,5,C4,-1.10556028907,2
SIM003,6,C4,-1.10556028907,1
SIM003,7,C2,-1.10556028907,3
SIM003,8,C3,-1.10556028907,3
SIM003,9,C2,-1.10556028907,3
SIM003,10,C5,-1.10556028907,4
SIM003,11,C1,-1.10556028907,2
SIM003,12,C0,-1.10556028907,0
SIM003,13,C1,-1.10556028907,3
SIM003,14,C3,-1.10556028907,2
SIM003,15,C5,-1.10556028907,3
SIM003,16,C5,-1.10556028907,4
SIM003,17,C4,-1.10556028907,1
SIM003,18,C0,-1.10556028907,0
SIM003,19,C2,-1.10556028907,3
SIM003,20,C0,-1.10556028907,0
SIM003,21,C1,-1.10556028907,0
SIM003,22,C2,-1.10556028907,1
SIM003,23,C4,-1.10556028907,4
SIM003,24,C0,-1.10556028907,1
SIM003,25,C3,-1.10556028907,3
SIM003,26,C4,-1.10556028907,0
SIM003,27,C3,-1.10556028907,2
SIM003,28,C2,-1.10556028907,2
SIM003,29,C5,-1.10556028907,3
SIM004,0,C0,-0.326538488984,2
SIM004,1,C5,-0.326538488984,3
SIM004,2,C4,-0.326538488984,2
SIM004,3,C3,-0.326538488984,3
SIM004,4,C4,-0.326538488984,3
SIM004,5,C3,-0.326538488984,2
SIM004,6,C5,-0.326538488984,3
SIM004,7,C1,-0.326538488984,1
SIM004,8,C2,-0.326538488984,1
SIM004,9,C3,-0.326538488984,0
SIM004,10,C2,-0.326538488984,2
SIM004,11,C4,-0.326538488984,4
SIM004,12,C1,-0.326538488984,3
SIM004,13,C0,-0.326538488984,1
SIM004,14,C1,-0.326538488984,2
SIM004,15,C4,-0.326538488984,4
SIM004,16,C5,-0.326538488984,4
SIM004,17,C2,-0.326538488984,2
SIM004,18,C1,-0.326538488984,3
SIM004,19,C1,-0.326538488984,3
SIM004,20,C0,-0.326538488984,3
SIM004,21,C3,-0.326538488984,3
SIM004,22,C0,-0.326538488984,1
SIM004,23,C4,-0.326538488984,2
SIM004,24,C2,-0.326538488984,1
SIM004,25,C5,-0.326538488984,2
SIM004,26,C0,-0.326538488984,0
SIM004,27,C3,-0.326538488984,0
SIM004,28,C2,-0.326538488984,1
SIM004,29,C5,-0.326538488984,3
SIM005,0,C2,1.31502815127,4
SIM005,1,C4,1.31502815127,2
SIM005,2,C2,1.31502815127,0
SIM005,3,C5,1.31502815127,3
SIM005,4,C3,1.31502815127,2
SIM005,5,C0,1.31502815127,2
SIM005,6,C3,1.31502815127,3
SIM005,7,C5,1.31502815127,2
SIM005,8,C2,1.31502815127,2
SIM005,9,C4,1.31502815127,2
SIM005,10,C1,1.31502815127,1
SIM005,11,C1,1.31502815127,3
SIM005,12,C5,1.31502815127,4
SIM005,13,C2,,1
SIM005,14,C4,1.31502815127,3
SIM005,15,C3,1.31502815127,3
SIM005,16,C0,1.31502815127,1
SIM005,17,C4,1.31502815127,3
SIM005,18,C1,1.31502815127,1
SIM005,19,C0,1.31502815127,2
SIM005,20,C3,1.31502815127,3
SIM005,21,C5,1.31502815127,4
SIM005,22,C1,1.31502815127,3
SIM005,23,C3,1.31502815127,3
SIM005,24,C1,1.31502815127,1
SIM005,25,C0,1.31502815127,1
SIM005,26,C4,1.31502815127,4
SIM005,27,C2,1.31502815127,2
SIM005,28,C0,1.31502815127,2
SIM005,29,C5,1.31502815127,3
SIM006,0,C2,-0.308123224786,2
SIM006,1,C1,-0.308123224786,2
SIM006,2,C2,-0.308123224786,0
SIM006,3,C1,-0.308123224786,1
SIM006,4,C0,-0.308123224786,1
SIM006,5,C3,-0.308123224786,0
SIM006,6,C5,-0.308123224786,1
SIM006,7,C1,-0.308123224786,2
SIM006,8,C3,-0.308123224786,3
SIM006,9,C2,-0.308123224786,1
SIM006,10,C1,-0.308123224786,1
SIM006,11,C0,-0.308123224786,2
SIM006,12,C5,-0.308123224786,2
SIM006,13,C0,-0.308123224786,1
SIM006,14,C1,-0.308123224786,2
SIM006,15,C2,-0.308123224786,1
SIM006,16,C4,-0.308123224786,3
SIM006,17,C0,-0.308123224786,1
SIM006,18,C3,-0.308123224786,1
SIM006,19,C3,-0.308123224786,2
SIM006,20,C4,-0.308123224786,4
SIM006,21,C4,-0.308123224786,2
SIM006,22,C3,-0.308123224786,1
SIM006,23,C4,-0.308123224786,1
SIM006,24,C5,,2
SIM006,25,C2,,3
SIM006,26,C0,-0.308123224786,0
SIM006,27,C5,-0.308123224786,4
SIM006,28,C4,-0.308123224786,4
SIM006,29,C5,-0.308123224786,1
SIM007,0,C0,-1.50542680747,1
SIM007,1,C1,-1.50542680747,0
SIM007,2,C5,-1.50542680747,2
SIM007,3,C1,-1.50542680747,1
SIM007,4,C4,-1.50542680747,1
SIM007,5,C0,-1.50542680747,1
SIM007,6,C4,-1.50542680747,2
SIM007,7,C5,-1.50542680747,2
SIM007,8,C2,-1.50542680747,1
SIM007,9,C4,-1.50542680747,1
SIM007,10,C5,-1.50542680747,1
SIM007,11,C2,-1.50542680747,1
SIM007,12,C4,-1.50542680747,1
SIM007,13,C0,-1.50542680747,1
SIM007,14,C2,-1.50542680747,1
SIM007,15,C3,-1.50542680747,1
SIM007,16,C3,-1.50542680747,0
SIM007,17,C1,,1
SIM007,18,C0,-1.50542680747,0
SIM007,19,C1,-1.50542680747,0
SIM007,20,C0,-1.50542680747,2
SIM007,21,C4,,2
SIM007,22,C1,-1.50542680747,1
SIM007,23,C5,,0
SIM007,24,C5,-1.50542680747,1
SIM007,25,C2,-1.50542680747,0
SIM007,26,C2,-1.50542680747,2
SIM007,27,C3,-1.50542680747,1
SIM007,28,C3,-1.50542680747,2
SIM007,29,C3,-1.50542680747,2
SIM008,0,C4,1.91128734793,2
SIM008,1,C5,1.91128734793,3
SIM008,2,C1,1.91128734793,1
SIM008,3,C0,1.91128734793,1
SIM008,4,C2,1.91128734793,1
SIM008,5,C5,1.91128734793,4
SIM008,6,C3,1.91128734793,1
SIM008,7,C1,1.91128734793,1
SIM008,8,C3,1.91128734793,3
SIM008,9,C3,1.91128734793,1
SIM008,10,C2,1.91128734793,2
SIM008,11,C5,1.91128734793,1
SIM008,12,C0,1.91128734793,1
SIM008,13,C1,1.91128734793,0
SIM008,14,C2,1.91128734793,2
SIM008,15,C4,1.91128734793,2
SIM008,16,C4,1.91128734793,2
SIM008,17,C0,1.91128734793,0
SIM008,18,C1,1.91128734793,1
SIM008,19,C1,1.91128734793,2
SIM008,20,C2,1.91128734793,1
SIM008,21,C4,1.91128734793,3
SIM008,22,C3,1.91128734793,4
SIM008,23,C0,1.91128734793,0
SIM008,24,C2,1.91128734793,2
SIM008,25,C4,1.91128734793,1
SIM008,26,C5,1.91128734793,2
SIM008,27,C0,1.91128734793,1
SIM008,28,C3,1.91128734793,0
SIM008,29,C5,1.91128734793,4
SIM009,0,C3,1.10089427872,3
SIM009,1,C1,1.10089427872,4
SIM009,2,C0,1.10089427872,3
SIM009,3,C1,1.10089427872,2
SIM009,4,C1,1.10089427872,3
SIM009,5,C4,1.10089427872,3
SIM009,6,C5,1.10089427872,4
SIM009,7,C4,1.10089427872,2
SIM009,8,C4,1.10089427872,4
SIM009,9,C5,1.10089427872,4
SIM009,10,C0,1.10089427872,4
SIM009,11,C2,1.10089427872,3
SIM009,12,C3,1.10089427872,2
SIM009,13,C4,1.10089427872,3
SIM009,14,C2,1.10089427872,3
SIM009,15,C2,1.10089427872,4
SIM009,16,C0,1.10089427872,4
SIM009,17,C5,1.10089427872,4
SIM009,18,C3,1.10089427872,4
SIM009,19,C5,,4
SIM009,20,C1,1.10089427872,4
SIM009,21,C2,1.10089427872,3
SIM009,22,C5,1.10089427872,4
SIM009,23,C0,1.10089427872,3
SIM009,24,C1,1.10089427872,3
SIM009,25,C4,1.10089427872,4
SIM009,26,C3,1.10089427872,4
SIM009,27,C2,1.10089427872,2
SIM009,28,C3,1.10089427872,3
SIM009,29,C0,1.10089427872,2
SIM010,0,C3,1.62881007029,2
SIM010,1,C2,1.62881007029,1
SIM010,2,C5,1.62881007029,3
SIM010,3,C1,1.62881007029,0
SIM010,4,C3,1.62881007029,2
SIM010,5,C5,1.62881007029,3
SIM010,6,C1,1.62881007029,0
SIM010,7,C2,1.62881007029,1
SIM010,8,C2,1.62881007029,0
SIM010,9,C5,1.62881007029,3
SIM010,10,C4,1.62881007029,2
SIM010,11,C5,1.62881007029,3
SIM010,12,C4,1.62881007029,2
SIM010,13,C0,1.62881007029,0
SIM010,14,C3,1.62881007029,1
SIM010,15,C2,1.62881007029,0
SIM010,16,C0,,0
SIM010,17,C0,1.62881007029,0
SIM010,18,C4,1.62881007029,1
SIM010,19,C0,1.62881007029,1
SIM010,20,C4,1.62881007029,2
SIM010,21,C3,1.62881007029,0
SIM010,22,C3,1.62881007029,1
SIM010,23,C4,1.62881007029,0
SIM010,24,C1,1.62881007029,1
SIM010,25,C1,1.62881007029,2
SIM010,26,C5,1.62881007029,1
SIM010,27,C2,1.62881007029,1
SIM010,28,C1,1.62881007029,2
SIM010,29,C0,1.62881007029,0
SIM011,0,C4,-0.535377235219,3
SIM011,1,C1,-0.535377235219,3
SIM011,2,C3,-0.535377235219,3
SIM011,3,C5,-0.535377235219,4
SIM011,4,C1,-0.535377235219,3
SIM011,5,C3,-0.535377235219,3
SIM011,6,C2,-0.535377235219,1
SIM011,7,C2,-0.535377235219,1
SIM011,8,C2,-0.535377235219,2
SIM011,9,C4,-0.535377235219,3
SIM011,10,C1,-0.535377235219,1
SIM011,11,C3,-0.535377235219,4
SIM011,12,C3,-0.535377235219,1
SIM011,13,C5,-0.535377235219,2
SIM011,14,C2,-0.535377235219,1
SIM011,15,C5,-0.535377235219,4
SIM011,16,C1,-0.535377235219,2
SIM011,17,C0,-0.535377235219,1
SIM011,18,C5,-0.535377235219,4
SIM011,19,C3,-0.535377235219,3
SIM011,20,C0,-0.535377235219,2
SIM011,21,C0,-0.535377235219,0
SIM011,22,C2,-0.535377235219,4
SIM011,23,C0,-0.535377235219,0
SIM011,24,C4,-0.535377235219,3
SIM011,25,C1,-0.535377235219,1
SIM011,26,C5,-0.535377235219,4
SIM011,27,C0,-0.535377235219,0
SIM011,28,C4,-0.535377235219,4
SIM011,29,C4,-0.535377235219,1
SIM012,0,C0,-0.456244706122,2
SIM012,1,C4,-0.456244706122,4
SIM012,2,C1,-0.456244706122,3
SIM012,3,C2,-0.456244706122,3
SIM012,4,C0,-0.456244706122,0
SIM012,5,C1,-0.456244706122,1
SIM012,6,C5,-0.456244706122,4
SIM012,7,C2,-0.456244706122,3
SIM012,8,C3,-0.456244706122,4
SIM012,9,C2,-0.456244706122,3
SIM012,10,C3,,3
SIM012,11,C5,-0.456244706122,4
SIM012,12,C0,-0.456244706122,0
SIM012,13,C4,-0.456244706122,3
SIM012,14,C5,-0.456244706122,4
SIM012,15,C0,-0.456244706122,2
SIM012,16,C4,-0.456244706122,4
SIM012,17,C0,-0.456244706122,1
SIM012,18,C3,-0.456244706122,2
SIM012,19,C1,-0.456244706122,3
SIM012,20,C4,-0.456244706122,4
SIM012,21,C3,-0.456244706122,3
SIM012,22,C1,-0.456244706122,2
SIM012,23,C1,-0.456244706122,3
SIM012,24,C2,-0.456244706122,3
SIM012,25,C4,-0.456244706122,2
SIM012,26,C2,-0.456244706122,2
SIM012,27,C5,-0.456244706122,2
SIM012,28,C5,-0.456244706122,3
SIM012,29,C3,-0.456244706122,3
SIM013,0,C4,1.47940966147,3
SIM013,1,C1,1.47940966147,3
SIM013,2,C2,1.47940966147,2
SIM013,3,C4,1.47940966147,3
SIM013,4,C3,1.47940966147,3
SIM013,5,C2,1.47940966147,2
SIM013,6,C2,1.47940966147,3
SIM013,7,C5,1.47940966147,2
SIM013,8,C1,1.47940966147,1
SIM013,9,C5,1.47940966147,2
SIM013,10,C4,1.47940966147,2
SIM013,11,C3,1.47940966147,0
SIM013,12,C1,1.47940966147,1
SIM013,13,C4,1.47940966147,3
SIM013,14,C0,1.47940966147,1
SIM013,15,C0,1.47940966147,1
SIM013,16,C0,1.47940966147,1
SIM013,17,C5,1.47940966147,2
SIM013,18,C3,1.47940966147,3
SIM013,19,C4,1.47940966147,1
SIM013,20,C1,1.47940966147,1
SIM013,21,C2,1.47940966147,1
SIM013,22,C2,1.47940966147,1
SIM013,23,C0,1.47940966147,2
SIM013,24,C1,1.47940966147,1
SIM013,25,C5,1.47940966147,1
SIM013,26,C5,1.47940966147,4
SIM013,27,C0,1.47940966147,0
SIM013,28,C3,1.47940966147,2
SIM013,29,C3,1.47940966147,3
SIM014,0,C1,-0.273437352163,1
SIM014,1,C3,-0.273437352163,1
SIM014,2,C4,-0.273437352163,3
SIM014,3,C5,-0.273437352163,3
SIM014,4,C2,-0.273437352163,2
SIM014,5,C0,,2
SIM014,6,C5,-0.273437352163,2
SIM014,7,C3,-0.273437352163,1
SIM014,8,C4,-0.273437352163,3
SIM014,9,C0,-0.273437352163,1
SIM014,10,C1,-0.273437352163,0
SIM014,11,C4,-0.273437352163,2
SIM014,12,C3,-0.273437352163,2
SIM014,13,C0,-0.273437352163,0
SIM014,14,C3,-0.273437352163,4
SIM014,15,C3,-0.273437352163,3
SIM014,16,C0,-0.273437352163,1
SIM014,17,C2,-0.273437352163,1
SIM014,18,C2,-0.273437352163,1
SIM014,19,C5,-0.273437352163,2
SIM014,20,C2,-0.273437352163,2
SIM014,21,C4,-0.273437352163,2
SIM014,22,C0,-0.273437352163,1
SIM014,23,C1,-0.273437352163,0
SIM014,24,C4,-0.273437352163,3
SIM014,25,C1,-0.273437352163,1
SIM014,26,C5,-0.273437352163,3
SIM014,27,C1,-0.273437352163,1
SIM014,28,C2,-0.273437352163,2
SIM014,29,C5,-0.273437352163,3
SIM015,0,C0,1.86028040548,2
SIM015,1,C5,1.86028040548,4
SIM015,2,C0,1.86028040548,2
SIM015,3,C2,1.86028040548,4
SIM015,4,C2,1.86028040548,4
SIM015,5,C2,1.86028040548,4
SIM015,6,C0,1.86028040548,3
SIM015,7,C5,1.86028040548,4
SIM015,8,C3,1.86028040548,4
SIM015,9,C3,1.86028040548,4
SIM015,10,C1,1.86028040548,3
SIM015,11,C4,1.86028040548,4
SIM015,12,C1,1.86028040548,2
SIM015,13,C1,1.86028040548,4
SIM015,14,C2,1.86028040548,3
SIM015,15,C2,1.86028040548,4
SIM015,16,C3,1.86028040548,2
SIM015,17,C3,1.86028040548,3
SIM015,18,C5,1.86028040548,4
SIM015,19,C4,1.86028040548,4
SIM015,20,C4,1.86028040548,4
SIM015,21,C0,1.86028040548,2
SIM015,22,C1,1.86028040548,3
SIM015,23,C1,,2
SIM015,24,C5,1.86028040548,4
SIM015,25,C0,1.86028040548,2
SIM015,26,C4,1.86028040548,4
SIM015,27,C4,1.86028040548,3
SIM015,28,C5,1.86028040548,4
SIM015,29,C3,1.86028040548,4
SIM016,0,C4,,2
SIM016,1,C2,0.632217225464,2
SIM016,2,C0,0.632217225464,2
SIM016,3,C5,0.632217225464,1
SIM016,4,C5,0.632217225464,3
SIM016,5,C0,0.632217225464,1
SIM016,6,C2,0.632217225464,2
SIM016,7,C1,0.632217225464,1
SIM016,8,C3,0.632217225464,2
SIM016,9,C1,0.632217225464,1
SIM016,10,C4,0.632217225464,4
SIM016,11,C0,0.632217225464,2
SIM016,12,C2,0.632217225464,3
SIM016,13,C0,0.632217225464,1
SIM016,14,C3,0.632217225464,1
SIM016,15,C5,,3
SIM016,16,C4,0.632217225464,3
SIM016,17,C4,0.632217225464,2
SIM016,18,C0,0.632217225464,1
SIM016,19,C2,0.632217225464,1
SIM016,20,C3,0.632217225464,2
SIM016,21,C1,0.632217225464,1
SIM016,22,C3,0.632217225464,3
SIM016,23,C5,0.632217225464,4
SIM016,24,C1,0.632217225464,1
SIM016,25,C1,0.632217225464,0
SIM016,26,C5,0.632217225464,3
SIM016,27,C4,0.632217225464,2
SIM016,28,C2,0.632217225464,3
SIM016,29,C3,0.632217225464,4
SIM017,0,C5,1.01921062265,4
SIM017,1,C1,1.01921062265,1
SIM017,2,C0,1.01921062265,3
SIM017,3,C3,1.01921062265,3
SIM017,4,C1,1.01921062265,4
SIM017,5,C0,1.01921062265,4
SIM017,6,C0,1.01921062265,3
SIM017,7,C0,1.01921062265,3
SIM017,8,C3,1.01921062265,4
SIM017,9,C4,1.01921062265,3
SIM017,10,C5,1.01921062265,4
SIM017,11,C4,1.01921062265,4
SIM017,12,C4,1.01921062265,4
SIM017,13,C4,1.01921062265,2
SIM017,14,C5,1.01921062265,3
SIM017,15,C3,1.01921062265,3
SIM017,16,C1,1.01921062265,1
SIM017,17,C2,1.01921062265,4
SIM017,18,C1,1.01921062265,4
SIM017,19,C2,1.01921062265,4
SIM017,20,C5,1.01921062265,4
SIM017,21,C3,1.01921062265,4
SIM017,22,C5,1.01921062265,4
SIM017,23,C2,1.01921062265,2
SIM017,24,C4,1.01921062265,3
SIM017,25,C2,1.01921062265,3
SIM017,26,C1,1.01921062265,3
SIM017,27,C3,1.01921062265,4
SIM017,28,C0,1.01921062265,1
SIM017,29,C2,1.01921062265,1
SIM018,0,C4,-0.614465195886,2
SIM018,1,C0,-0.614465195886,0
SIM018,2,C3,-0.614465195886,4
SIM018,3,C1,-0.614465195886,2
SIM018,4,C1,-0.614465195886,0
SIM018,5,C4,-0.614465195886,1
SIM018,6,C2,-0.614465195886,0
SIM018,7,C3,-0.614465195886,1
SIM018,8,C4,-0.614465195886,2
SIM018,9,C2,-0.614465195886,0
SIM018,10,C1,-0.614465195886,1
SIM018,11,C5,-0.614465195886,0
SIM018,12,C1,-0.614465195886,1
SIM018,13,C4,-0.614465195886,1
SIM018,14,C3,-0.614465195886,0
SIM018,15,C5,-0.614465195886,0
SIM018,16,C2,-0.614465195886,1
SIM018,17,C3,-0.614465195886,0
SIM018,18,C4,-0.614465195886,0
SIM018,19,C0,-0.614465195886,0
SIM018,20,C1,-0.614465195886,1
SIM018,21,C5,-0.614465195886,2
SIM018,22,C2,-0.614465195886,0
SIM018,23,C3,-0.614465195886,3
SIM018,24,C0,-0.614465195886,1
SIM018,25,C0,-0.614465195886,0
SIM018,26,C2,-0.614465195886,0
SIM018,27,C0,-0.614465195886,1
SIM018,28,C5,-0.614465195886,2
SIM018,29,C5,-0.614465195886,1
SIM019,0,C2,1.74811058472,2
SIM019,1,C4,1.74811058472,2
SIM019,2,C2,1.74811058472,1
SIM019,3,C1,1.74811058472,1
SIM019,4,C0,1.74811058472,2
SIM019,5,C4,1.74811058472,2
SIM019,6,C3,1.74811058472,3
SIM019,7,C0,1.74811058472,2
SIM019,8,C5,1.74811058472,2
SIM019,9,C4,1.74811058472,3
SIM019,10,C2,1.74811058472,2
SIM019,11,C1,1.74811058472,0
SIM019,12,C0,1.74811058472,1
SIM019,13,C5,1.74811058472,2
SIM019,14,C4,1.74811058472,3
SIM019,15,C4,1.74811058472,1
SIM019,16,C1,1.74811058472,1
SIM019,17,C3,1.74811058472,3
SIM019,18,C5,1.74811058472,2
SIM019,19,C2,1.74811058472,3
SIM019,20,C1,1.74811058472,2
SIM019,21,C0,1.74811058472,2
SIM019,22,C3,1.74811058472,2
SIM019,23,C0,1.74811058472,0
SIM019,24,C2,,1
SIM019,25,C5,1.74811058472,0
SIM019,26,C3,1.74811058472,1
SIM019,27,C1,1.74811058472,2
SIM019,28,C3,1.74811058472,1
SIM019,29,C5,1.74811058472,2
SIM020,0,C5,1.0038821729,4
SIM020,1,C0,1.0038821729,1
SIM020,2,C5,1.0038821729,2
SIM020,3,C2,1.0038821729,1
SIM020,4,C4,1.0038821729,3
SIM020,5,C0,1.0038821729,0
SIM020,6,C2,1.0038821729,0
SIM020,7,C1,1.0038821729,1
SIM020,8,C1,1.0038821729,1
SIM020,9,C4,1.0038821729,2
SIM020,10,C2,1.0038821729,0
SIM020,11,C1,1.0038821729,0
SIM020,12,C2,1.0038821729,1
SIM020,13,C3,1.0038821729,1
SIM020,14,C5,1.0038821729,2
SIM020,15,C0,1.0038821729,0
SIM020,16,C5,1.0038821729,0
SIM020,17,C3,1.0038821729,1
SIM020,18,C3,1.0038821729,1
SIM020,19,C0,1.0038821729,1
SIM020,20,C1,1.0038821729,0
SIM020,21,C5,1.0038821729,3
SIM020,22,C3,1.0038821729,2
SIM020,23,C4,1.0038821729,2
SIM020,24,C2,1.0038821729,0
SIM020,25,C3,1.0038821729,0
SIM020,26,C1,1.0038821729,1
SIM020,27,C4,1.0038821729,2
SIM020,28,C0,1.0038821729,0
SIM020,29,C4,1.0038821729,2
SIM021,0,C4,-1.50954323706,3
SIM021,1,C3,-1.50954323706,4
SIM021,2,C0,-1.50954323706,1
SIM021,3,C5,-1.50954323706,4
SIM021,4,C0,-1.50954323706,4
SIM021,5,C3,-1.50954323706,3
SIM021,6,C4,-1.50954323706,2
SIM021,7,C2,-1.50954323706,4
SIM021,8,C0,-1.50954323706,3
SIM021,9,C3,-1.50954323706,4
SIM021,10,C0,-1.50954323706,3
SIM021,11,C1,-1.50954323706,4
SIM021,12,C3,,4
SIM021,13,C0,-1.50954323706,1
SIM021,14,C4,-1.50954323706,4
SIM021,15,C1,-1.50954323706,4
SIM021,16,C2,-1.50954323706,3
SIM021,17,C1,-1.50954323706,3
SIM021,18,C2,-1.50954323706,4
SIM021,19,C4,-1.50954323706,4
SIM021,20,C3,-1.50954323706,4
SIM021,21,C5,-1.50954323706,4
SIM021,22,C5,-1.50954323706,4
SIM021,23,C5,-1.50954323706,4
SIM021,24,C1,-1.50954323706,3
SIM021,25,C2,-1.50954323706,3
SIM021,26,C5,-1.50954323706,4
SIM021,27,C1,-1.50954323706,3
SIM021,28,C4,-1.50954323706,4
SIM021,29,C2,-1.50954323706,4
SIM022,0,C0,-0.418681555898,2
SIM022,1,C5,-0.418681555898,3
SIM022,2,C3,-0.418681555898,3
SIM022,3,C4,-0.418681555898,4
SIM022,4,C0,-0.418681555898,2
SIM022,5,C1,-0.418681555898,1
SIM022,6,C1,-0.418681555898,3
SIM022,7,C1,-0.418681555898,4
SIM022,8,C5,-0.418681555898,4
SIM022,9,C4,-0.418681555898,4
SIM022,10,C5,-0.418681555898,3
SIM022,11,C0,-0.418681555898,1
SIM022,12,C2,-0.418681555898,2
SIM022,13,C5,-0.418681555898,4
SIM022,14,C1,-0.418681555898,3
SIM022,15,C2,-0.418681555898,2
SIM022,16,C3,-0.418681555898,3
SIM022,17,C3,-0.418681555898,3
SIM022,18,C4,-0.418681555898,4
SIM022,19,C4,-0.418681555898,4
SIM022,20,C2,-0.418681555898,3
SIM022,21,C3,-0.418681555898,3
SIM022,22,C1,-0.418681555898,1
SIM022,23,C3,-0.418681555898,2
SIM022,24,C2,-0.418681555898,3
SIM022,25,C0,-0.418681555898,3
SIM022,26,C5,-0.418681555898,4
SIM022,27,C4,-0.418681555898,4
SIM022,28,C2,-0.418681555898,2
SIM022,29,C0,-0.418681555898,1
SIM023,0,C0,0.363500672061,4
SIM023,1,C4,0.363500672061,3
SIM023,2,C3,0.363500672061,3
SIM023,3,C0,0.363500672061,2
SIM023,4,C2,0.363500672061,2
SIM023,5,C3,0.363500672061,3
SIM023,6,C0,0.363500672061,3
SIM023,7,C1,0.363500672061,1
SIM023,8,C3,0.363500672061,2
SIM023,9,C2,0.363500672061,4
SIM023,10,C4,0.363500672061,4
SIM023,11,C4,0.363500672061,2
SIM023,12,C0,0.363500672061,4
SIM023,13,C1,0.363500672061,4
SIM023,14,C5,0.363500672061,3
SIM023,15,C5,0.363500672061,2
SIM023,16,C2,0.363500672061,4
SIM023,17,C3,,3
SIM023,18,C2,0.363500672061,3
SIM023,19,C5,0.363500672061,3
SIM023,20,C4,0.363500672061,4
SIM023,21,C5,0.363500672061,4
SIM023,22,C1,0.363500672061,2
SIM023,23,C2,0.363500672061,3
SIM023,24,C3,0.363500672061,4
SIM023,25,C0,0.363500672061,1
SIM023,26,C1,0.363500672061,2
SIM023,27,C1,0.363500672061,1
SIM023,28,C4,0.363500672061,4
SIM023,29,C5,0.363500672061,4
SIM024,0,C0,-1.04143432925,3
SIM024,1,C4,-1.04143432925,3
SIM024,2,C4,-1.04143432925,3
SIM024,3,C3,-1.04143432925,3
SIM024,4,C5,-1.04143432925,4
SIM024,5,C1,-1.04143432925,2
SIM024,6,C1,-1.04143432925,1
SIM024,7,C0,-1.04143432925,4
SIM024,8,C1,-1.04143432925,3
SIM024,9,C3,-1.04143432925,3
SIM024,10,C2,-1.04143432925,3
SIM024,11,C4,-1.04143432925,4
SIM024,12,C4,-1.04143432925,4
SIM024,13,C1,-1.04143432925,3
SIM024,14,C2,-1.04143432925,3
SIM024,15,C0,-1.04143432925,1
SIM024,16,C0,-1.04143432925,1
SIM024,17,C5,,3
SIM024,18,C2,-1.04143432925,1
SIM024,19,C4,-1.04143432925,4
SIM024,20,C5,-1.04143432925,3
SIM024,21,C3,-1.04143432925,2
SIM024,22,C1,-1.04143432925,2
SIM024,23,C0,-1.04143432925,1
SIM024,24,C3,-1.04143432925,3
SIM024,25,C3,-1.04143432925,2
SIM024,26,C5,-1.04143432925,3
SIM024,27,C5,-1.04143432925,2
SIM024,28,C2,-1.04143432925,1
SIM024,29,C2,-1.04143432925,3
SIM025,0,C5,-1.39850586517,4
SIM025,1,C2,-1.39850586517,2
SIM025,2,C3,-1.39850586517,3
SIM025,3,C5,-1.39850586517,3
SIM025,4,C4,-1.39850586517,2
SIM025,5,C4,-1.39850586517,4
SIM025,6,C2,-1.39850586517,3
SIM025,7,C0,-1.39850586517,1
SIM025,8,C3,-1.39850586517,3
SIM025,9,C4,-1.39850586517,4
SIM025,10,C1,-1.39850586517,2
SIM025,11,C3,-1.39850586517,4
SIM025,12,C1,-1.39850586517,3
SIM025,13,C1,-1.39850586517,2
SIM025,14,C1,-1.39850586517,3
SIM025,15,C2,-1.39850586517,2
SIM025,16,C0,-1.39850586517,2
SIM025,17,C2,-1.39850586517,3
SIM025,18,C5,-1.39850586517,1
SIM025,19,C2,-1.39850586517,2
SIM025,20,C1,-1.39850586517,2
SIM025,21,C5,-1.39850586517,4
SIM025,22,C0,-1.39850586517,1
SIM025,23,C3,-1.39850586517,1
SIM025,24,C0,-1.39850586517,1
SIM025,25,C3,-1.39850586517,3
SIM025,26,C0,-1.39850586517,0
SIM025,27,C4,-1.39850586517,4
SIM025,28,C5,-1.39850586517,1
SIM025,29,C4,-1.39850586517,3
SIM026,0,C2,-1.09159352276,1
SIM026,1,C3,-1.09159352276,3
SIM026,2,C5,-1.09159352276,4
SIM026,3,C0,-1.09159352276,3
SIM026,4,C2,-1.09159352276,2
SIM026,5,C4,-1.09159352276,4
SIM026,6,C1,-1.09159352276,3
SIM026,7,C1,-1.09159352276,1
SIM026,8,C2,-1.09159352276,3
SIM026,9,C0,-1.09159352276,1
SIM026,10,C3,,3
SIM026,11,C0,-1.09159352276,4
SIM026,12,C0,-1.09159352276,2
SIM026,13,C4,-1.09159352276,3
SIM026,14,C5,-1.09159352276,4
SIM026,15,C3,-1.09159352276,2
SIM026,16,C2,-1.09159352276,1
SIM026,17,C5,-1.09159352276,3
SIM026,18,C4,-1.09159352276,3
SIM026,19,C0,-1.09159352276,0
SIM026,20,C5,-1.09159352276,4
SIM026,21,C4,-1.09159352276,3
SIM026,22,C3,-1.09159352276,4
SIM026,23,C5,-1.09159352276,3
SIM026,24,C1,-1.09159352276,2
SIM026,25,C1,-1.09159352276,1
SIM026,26,C3,-1.09159352276,2
SIM026,27,C2,-1.09159352276,4
SIM026,28,C1,-1.09159352276,2
SIM026,29,C4,-1.09159352276,3
SIM027,0,C0,1.98933492738,2
SIM027,1,C1,1.98933492738,3
SIM027,2,C4,1.98933492738,4
SIM027,3,C2,1.98933492738,4
SIM027,4,C2,1.98933492738,3
SIM027,5,C2,1.98933492738,3
SIM027,6,C5,1.98933492738,3
SIM027,7,C3,1.98933492738,3
SIM027,8,C1,1.98933492738,1
SIM027,9,C3,1.98933492738,2
SIM027,10,C3,1.98933492738,1
SIM027,11,C2,1.98933492738,2
SIM027,12,C0,1.98933492738,2
SIM027,13,C0,1.98933492738,1
SIM027,14,C4,1.98933492738,3
SIM027,15,C4,1.98933492738,3
SIM027,16,C5,1.98933492738,4
SIM027,17,C1,1.98933492738,3
SIM027,18,C5,1.98933492738,4
SIM027,19,C3,1.98933492738,4
SIM027,20,C4,1.98933492738,4
SIM027,21,C0,1.98933492738,4
SIM027,22,C2,,3
SIM027,23,C5,1.98933492738,3
SIM027,24,C1,1.98933492738,3
SIM027,25,C0,1.98933492738,3
SIM027,26,C3,1.98933492738,4
SIM027,27,C5,1.98933492738,4
SIM027,28,C4,1.98933492738,4
SIM027,29,C1,1.98933492738,3
SIM028,0,C5,0.259340926957,4
SIM028,1,C0,0.259340926957,2
SIM028,2,C3,0.259340926957,3
SIM028,3,C0,0.259340926957,2
SIM028,4,C1,,3
SIM028,5,C0,0.259340926957,1
SIM028,6,C1,0.259340926957,2
SIM028,7,C2,0.259340926957,4
SIM028,8,C5,0.259340926957,2
SIM028,9,C2,0.259340926957,2
SIM028,10,C5,0.259340926957,4
SIM028,11,C5,0.259340926957,4
SIM028,12,C4,0.259340926957,4
SIM028,13,C3,0.259340926957,4
SIM028,14,C2,0.259340926957,2
SIM028,15,C1,0.259340926957,3
SIM028,16,C2,0.259340926957,3
SIM028,17,C2,0.259340926957,3
SIM028,18,C1,0.259340926957,2
SIM028,19,C3,0.259340926957,3
SIM028,20,C0,0.259340926957,2
SIM028,21,C3,0.259340926957,3
SIM028,22,C4,,4
SIM028,23,C0,0.259340926957,2
SIM028,24,C1,0.259340926957,2
SIM028,25,C3,0.259340926957,2
SIM028,26,C4,0.259340926957,3
SIM028,27,C4,0.259340926957,3
SIM028,28,C5,0.259340926957,4
SIM028,29,C4,0.259340926957,3
SIM029,0,C1,1.14345336532,1
SIM029,1,C5,1.14345336532,4
SIM029,2,C5,1.14345336532,1
SIM029,3,C3,1.14345336532,2
SIM029,4,C1,1.14345336532,3
SIM029,5,C3,1.14345336532,3
SIM029,6,C3,1.14345336532,3
SIM029,7,C3,1.14345336532,1
SIM029,8,C1,1.14345336532,1
SIM029,9,C4,1.14345336532,2
SIM029,10,C5,1.14345336532,4
SIM029,11,C4,1.14345336532,3
SIM029,12,C0,1.14345336532,1
SIM029,13,C4,1.14345336532,3
SIM029,14,C2,1.14345336532,2
SIM029,15,C1,1.14345336532,2
SIM029,16,C2,1.14345336532,4
SIM029,17,C0,1.14345336532,3
SIM029,18,C2,1.14345336532,1
SIM029,19,C0,1.14345336532,1
SIM029,20,C0,1.14345336532,2
SIM029,21,C0,1.14345336532,2
SIM029,22,C2,,3
SIM029,23,C5,1.14345336532,3
SIM029,24,C3,1.14345336532,3
SIM029,25,C5,1.14345336532,3
SIM029,26,C2,1.14345336532,2
SIM029,27,C4,1.14345336532,3
SIM029,28,C1,1.14345336532,1
SIM029,29,C4,1.14345336532,2
SIM030,0,C2,0.0740861986445,3
SIM030,1,C3,0.0740861986445,4
SIM030,2,C4,0.0740861986445,2
SIM030,3,C1,0.0740861986445,2
SIM030,4,C4,0.0740861986445,4
SIM030,5,C5,0.0740861986445,3
SIM030,6,C0,0.0740861986445,2
SIM030,7,C3,0.0740861986445,3
SIM030,8,C5,0.0740861986445,3
SIM030,9,C2,0.0740861986445,4
SIM030,10,C1,0.0740861986445,3
SIM030,11,C5,0.0740861986445,3
SIM030,12,C2,0.0740861986445,3
SIM030,13,C0,0.0740861986445,1
SIM030,14,C5,0.0740861986445,4
SIM030,15,C0,0.0740861986445,3
SIM030,16,C3,0.0740861986445,2
SIM030,17,C3,0.0740861986445,2
SIM030,18,C1,0.0740861986445,1
SIM030,19,C0,0.0740861986445,1
SIM030,20,C1,0.0740861986445,1
SIM030,21,C1,0.0740861986445,2
SIM030,22,C2,0.0740861986445,2
SIM030,23,C5,0.0740861986445,3
SIM030,24,C2,0.0740861986445,1
SIM030,25,C4,0.0740861986445,3
SIM030,26,C0,0.0740861986445,0
SIM030,27,C4,0.0740861986445,4
SIM030,28,C3,0.0740861986445,2
SIM030,29,C4,0.0740861986445,3
SIM031,0,C5,1.18242990086,4
SIM031,1,C5,1.18242990086,2
SIM031,2,C5,1.18242990086,3
SIM031,3,C5,1.18242990086,4
SIM031,4,C3,1.18242990086,2
SIM031,5,C0,1.18242990086,2
SIM031,6,C0,1.18242990086,4
SIM031,7,C4,1.18242990086,4
SIM031,8,C0,1.18242990086,3
SIM031,9,C2,1.18242990086,2
SIM031,10,C3,1.18242990086,4
SIM031,11,C0,1.18242990086,0
SIM031,12,C0,1.18242990086,1
SIM031,13,C3,1.18242990086,3
SIM031,14,C2,1.18242990086,0
SIM031,15,C3,1.18242990086,2
SIM031,16,C4,1.18242990086,2
SIM031,17,C1,1.18242990086,1
SIM031,18,C1,1.18242990086,2
SIM031,19,C4,1.18242990086,4
SIM031,20,C4,1.18242990086,4
SIM031,21,C2,1.18242990086,3
SIM031,22,C1,1.18242990086,4
SIM031,23,C4,1.18242990086,4
SIM031,24,C5,1.18242990086,3
SIM031,25,C1,1.18242990086,2
SIM031,26,C2,1.18242990086,2
SIM031,27,C1,1.18242990086,3
SIM031,28,C2,1.18242990086,3
SIM031,29,C3,1.18242990086,3
SIM032,0,C1,-1.10140181111,1
SIM032,1,C0,-1.10140181111,1
SIM032,2,C5,-1.10140181111,2
SIM032,3,C4,-1.10140181111,2
SIM032,4,C2,-1.10140181111,2
SIM032,5,C5,-1.10140181111,1
SIM032,6,C0,-1.10140181111,0
SIM032,7,C3,-1.10140181111,3
SIM032,8,C2,-1.10140181111,2
SIM032,9,C0,-1.10140181111,0
SIM032,10,C4,-1.10140181111,1
SIM032,11,C2,-1.10140181111,1
SIM032,12,C5,-1.10140181111,2
SIM032,13,C4,-1.10140181111,3
SIM032,14,C1,-1.10140181111,0
SIM032,15,C1,-1.10140181111,1
SIM032,16,C2,-1.10140181111,2
SIM032,17,C2,-1.10140181111,1
SIM032,18,C0,-1.10140181111,0
SIM032,19,C1,-1.10140181111,0
SIM032,20,C3,-1.10140181111,1
SIM032,21,C4,-1.10140181111,1
SIM032,22,C5,-1.10140181111,1
SIM032,23,C3,-1.10140181111,4
SIM032,24,C3,-1.10140181111,4
SIM032,25,C5,-1.10140181111,2
SIM032,26,C1,-1.10140181111,2
SIM032,27,C4,-1.10140181111,2
SIM032,28,C3,-1.10140181111,2
SIM032,29,C0,-1.10140181111,0
SIM033,0,C5,1.41443654976,3
SIM033,1,C4,1.41443654976,4
SIM033,2,C2,1.41443654976,3
SIM033,3,C3,1.41443654976,3
SIM033,4,C4,1.41443654976,2
SIM033,5,C1,,2
SIM033,6,C5,1.41443654976,3
SIM033,7,C2,1.41443654976,3
SIM033,8,C1,1.41443654976,3
SIM033,9,C5,1.41443654976,1
SIM033,10,C0,,3
SIM033,11,C5,1.41443654976,3
SIM033,12,C4,1.41443654976,2
SIM033,13,C5,1.41443654976,3
SIM033,14,C3,1.41443654976,3
SIM033,15,C0,1.41443654976,2
SIM033,16,C1,1.41443654976,2
SIM033,17,C3,1.41443654976,3
SIM033,18,C0,1.41443654976,1
SIM033,19,C3,1.41443654976,2
SIM033,20,C4,1.41443654976,2
SIM033,21,C0,1.41443654976,2
SIM033,22,C4,1.41443654976,3
SIM033,23,C3,1.41443654976,3
SIM033,24,C1,1.41443654976,1
SIM033,25,C2,1.41443654976,2
SIM033,26,C0,1.41443654976,2
SIM033,27,C1,1.41443654976,2
SIM033,28,C2,1.41443654976,2
SIM033,29,C2,1.41443654976,2
SIM034,0,C4,-0.795622762225,4
SIM034,1,C2,-0.795622762225,1
SIM034,2,C4,-0.795622762225,4
SIM034,3,C2,-0.795622762225,3
SIM034,4,C3,-0.795622762225,4
SIM034,5,C0,-0.795622762225,1
SIM034,6,C5,-0.795622762225,3
SIM034,7,C1,-0.795622762225,3
SIM034,8,C5,-0.795622762225,4
SIM034,9,C4,-0.795622762225,3
SIM034,10,C4,-0.795622762225,3
SIM034,11,C3,-0.795622762225,4
SIM034,12,C3,-0.795622762225,3
SIM034,13,C3,-0.795622762225,4
SIM034,14,C0,-0.795622762225,4
SIM034,15,C0,-0.795622762225,4
SIM034,16,C4,-0.795622762225,4
SIM034,17,C2,-0.795622762225,4
SIM034,18,C5,-0.795622762225,4
SIM034,19,C3,-0.795622762225,3
SIM034,20,C0,-0.795622762225,3
SIM034,21,C2,-0.795622762225,2
SIM034,22,C1,-0.795622762225,3
SIM034,23,C0,-0.795622762225,3
SIM034,24,C1,-0.795622762225,2
SIM034,25,C5,-0.795622762225,4
SIM034,26,C1,-0.795622762225,4
SIM034,27,C2,,2
SIM034,28,C5,-0.795622762225,4
SIM034,29,C1,-0.795622762225,2
SIM035,0,C2,1.63728354614,1
SIM035,1,C4,1.63728354614,4
SIM035,2,C2,1.63728354614,2
SIM035,3,C3,1.63728354614,4
SIM035,4,C3,1.63728354614,2
SIM035,5,C0,1.63728354614,0
SIM035,6,C5,1.63728354614,3
SIM035,7,C3,1.63728354614,1
SIM035,8,C3,1.63728354614,4
SIM035,9,C2,1.63728354614,2
SIM035,10,C0,1.63728354614,2
SIM035,11,C2,1.63728354614,3
SIM035,12,C5,1.63728354614,4
SIM035,13,C1,1.63728354614,1
SIM035,14,C3,1.63728354614,3
SIM035,15,C4,1.63728354614,4
SIM035,16,C1,1.63728354614,2
SIM035,17,C5,1.63728354614,3
SIM035,18,C5,1.63728354614,4
SIM035,19,C1,1.63728354614,0
SIM035,20,C4,1.63728354614,2
SIM035,21,C0,1.63728354614,1
SIM035,22,C4,1.63728354614,1
SIM035,23,C2,1.63728354614,2
SIM035,24,C1,1.63728354614,1
SIM035,25,C0,,0
SIM035,26,C1,,0
SIM035,27,C0,1.63728354614,2
SIM035,28,C4,1.63728354614,1
SIM035,29,C5,1.63728354614,4
SIM036,0,C4,0.0133356413847,4
SIM036,1,C2,0.0133356413847,3
SIM036,2,C0,0.0133356413847,2
SIM036,3,C1,0.0133356413847,2
SIM036,4,C4,0.0133356413847,3
SIM036,5,C3,0.0133356413847,3
SIM036,6,C2,0.0133356413847,3
SIM036,7,C0,0.0133356413847,0
SIM036,8,C2,0.0133356413847,1
SIM036,9,C0,0.0133356413847,0
SIM036,10,C5,0.0133356413847,3
SIM036,11,C3,0.0133356413847,4
SIM036,12,C3,0.0133356413847,1
SIM036,13,C0,0.0133356413847,3
SIM036,14,C4,0.0133356413847,2
SIM036,15,C1,0.0133356413847,1
SIM036,16,C1,0.0133356413847,2
SIM036,17,C2,0.0133356413847,1
SIM036,18,C4,0.0133356413847,4
SIM036,19,C3,0.0133356413847,4
SIM036,20,C2,,3
SIM036,21,C5,0.0133356413847,4
SIM036,22,C5,0.0133356413847,2
SIM036,23,C5,0.0133356413847,3
SIM036,24,C1,0.0133356413847,4
SIM036,25,C1,0.0133356413847,1
SIM036,26,C3,0.0133356413847,3
SIM036,27,C0,0.0133356413847,0
SIM036,28,C5,0.0133356413847,3
SIM036,29,C4,0.0133356413847,3
SIM037,0,C2,-1.53839968337,2
SIM037,1,C0,-1.53839968337,2
SIM037,2,C5,-1.53839968337,4
SIM037,3,C0,-1.53839968337,2
SIM037,4,C1,-1.53839968337,2
SIM037,5,C4,-1.53839968337,3
SIM037,6,C3,-1.53839968337,2
SIM037,7,C1,-1.53839968337,1
SIM037,8,C5,-1.53839968337,2
SIM037,9,C1,-1.53839968337,1
SIM037,10,C5,-1.53839968337,4
SIM037,11,C3,-1.53839968337,2
SIM037,12,C2,-1.53839968337,4
SIM037,13,C4,-1.53839968337,2
SIM037,14,C4,-1.53839968337,3
SIM037,15,C1,-1.53839968337,1
SIM037,16,C3,,4
SIM037,17,C0,-1.53839968337,1
SIM037,18,C4,-1.53839968337,3
SIM037,19,C3,-1.53839968337,2
SIM037,20,C5,-1.53839968337,4
SIM037,21,C5,-1.53839968337,3
SIM037,22,C3,-1.53839968337,3
SIM037,23,C0,-1.53839968337,1
SIM037,24,C2,-1.53839968337,1
SIM037,25,C4,-1.53839968337,2
SIM037,26,C2,-1.53839968337,1
SIM037,27,C2,-1.53839968337,2
SIM037,28,C1,-1.53839968337,2
SIM037,29,C0,-1.53839968337,3
SIM038,0,C0,-0.292366900502,1
SIM038,1,C1,-0.292366900502,4
SIM038,2,C2,-0.292366900502,3
SIM038,3,C4,-0.292366900502,4
SIM038,4,C3,-0.292366900502,2
SIM038,5,C5,-0.292366900502,3
SIM038,6,C2,-0.292366900502,2
SIM038,7,C4,-0.292366900502,2
SIM038,8,C0,-0.292366900502,1
SIM038,9,C4,-0.292366900502,4
SIM038,10,C0,-0.292366900502,3
SIM038,11,C1,-0.292366900502,2
SIM038,12,C5,-0.292366900502,4
SIM038,13,C4,-0.292366900502,2
SIM038,14,C3,-0.292366900502,3
SIM038,15,C3,-0.292366900502,2
SIM038,16,C4,-0.292366900502,3
SIM038,17,C2,-0.292366900502,1
SIM038,18,C1,-0.292366900502,2
SIM038,19,C1,-0.292366900502,3
SIM038,20,C5,-0.292366900502,4
SIM038,21,C0,-0.292366900502,0
SIM038,22,C0,-0.292366900502,1
SIM038,23,C1,-0.292366900502,2
SIM038,24,C5,-0.292366900502,3
SIM038,25,C5,-0.292366900502,4
SIM038,26,C2,-0.292366900502,3
SIM038,27,C2,,4
SIM038,28,C3,-0.292366900502,3
SIM038,29,C3,-0.292366900502,0
SIM039,0,C3,-0.918107911481,1
SIM039,1,C2,-0.918107911481,0
SIM039,2,C5,-0.918107911481,4
SIM039,3,C0,-0.918107911481,3
SIM039,4,C1,-0.918107911481,1
SIM039,5,C2,-0.918107911481,2
SIM039,6,C4,-0.918107911481,3
SIM039,7,C1,-0.918107911481,2
SIM039,8,C4,-0.918107911481,2
SIM039,9,C2,-0.918107911481,2
SIM039,10,C2,-0.918107911481,0
SIM039,11,C4,-0.918107911481,3
SIM039,12,C0,-0.918107911481,2
SIM039,13,C3,-0.918107911481,1
SIM039,14,C5,-0.918107911481,3
SIM039,15,C2,-0.918107911481,3
SIM039,16,C1,-0.918107911481,2
SIM039,17,C4,-0.918107911481,4
SIM039,18,C5,-0.918107911481,4
SIM039,19,C1,-0.918107911481,3
SIM039,20,C4,-0.918107911481,1
SIM039,21,C0,-0.918107911481,0
SIM039,22,C5,-0.918107911481,4
SIM039,23,C1,-0.918107911481,2
SIM039,24,C3,-0.918107911481,4
SIM039,25,C3,-0.918107911481,3
SIM039,26,C0,-0.918107911481,1
SIM039,27,C0,-0.918107911481,3
SIM039,28,C3,-0.918107911481,4
SIM039,29,C5,-0.918107911481,3
SIM040,0,C5,0.840640143458,3
SIM040,1,C1,0.840640143458,0
SIM040,2,C4,0.840640143458,0
SIM040,3,C4,0.840640143458,1
SIM040,4,C0,0.840640143458,0
SIM040,5,C3,0.840640143458,0
SIM040,6,C1,0.840640143458,0
SIM040,7,C5,0.840640143458,2
SIM040,8,C2,0.840640143458,2
SIM040,9,C5,0.840640143458,2
SIM040,10,C1,,0
SIM040,11,C1,0.840640143458,2
SIM040,12,C3,0.840640143458,2
SIM040,13,C3,0.840640143458,3
SIM040,14,C2,0.840640143458,1
SIM040,15,C2,0.840640143458,0
SIM040,16,C0,0.840640143458,1
SIM040,17,C3,0.840640143458,2
SIM040,18,C2,0.840640143458,1
SIM040,19,C4,0.840640143458,4
SIM040,20,C0,0.840640143458,1
SIM040,21,C5,0.840640143458,2
SIM040,22,C4,0.840640143458,1
SIM040,23,C5,0.840640143458,2
SIM040,24,C4,0.840640143458,1
SIM040,25,C2,0.840640143458,1
SIM040,26,C3,0.840640143458,1
SIM040,27,C0,0.840640143458,0
SIM040,28,C1,0.840640143458,1
SIM040,29,C0,0.840640143458,0
SIM041,0,C1,-0.426254095464,2
SIM041,1,C5,-0.426254095464,4
SIM041,2,C2,-0.426254095464,2
SIM041,3,C3,-0.426254095464,1
SIM041,4,C4,-0.426254095464,3
SIM041,5,C0,-0.426254095464,2
SIM041,6,C1,-0.426254095464,0
SIM041,7,C1,-0.426254095464,0
SIM041,8,C4,-0.426254095464,1
SIM041,9,C5,-0.426254095464,1
SIM041,10,C0,-0.426254095464,1
SIM041,11,C1,-0.426254095464,1
SIM041,12,C4,-0.426254095464,2
SIM041,13,C3,-0.426254095464,2
SIM041,14,C3,-0.426254095464,1
SIM041,15,C5,,1
SIM041,16,C4,-0.426254095464,4
SIM041,17,C3,-0.426254095464,2
SIM041,18,C0,-0.426254095464,1
SIM041,19,C3,-0.426254095464,2
SIM041,20,C5,-0.426254095464,3
SIM041,21,C2,-0.426254095464,1
SIM041,22,C5,-0.426254095464,4
SIM041,23,C2,-0.426254095464,1
SIM041,24,C2,-0.426254095464,1
SIM041,25,C1,-0.426254095464,0
SIM041,26,C0,-0.426254095464,0
SIM041,27,C2,-0.426254095464,1
SIM041,28,C4,-0.426254095464,2
SIM041,29,C0,-0.426254095464,1
SIM042,0,C5,-0.193569484161,4
SIM042,1,C3,-0.193569484161,3
SIM042,2,C4,-0.193569484161,2
SIM042,3,C2,-0.193569484161,3
SIM042,4,C2,-0.193569484161,3
SIM042,5,C0,-0.193569484161,0
SIM042,6,C3,-0.193569484161,1
SIM042,7,C3,-0.193569484161,3
SIM042,8,C4,,3
SIM042,9,C1,-0.193569484161,2
SIM042,10,C2,-0.193569484161,1
SIM042,11,C2,-0.193569484161,3
SIM042,12,C3,-0.193569484161,3
SIM042,13,C1,-0.193569484161,3
SIM042,14,C1,-0.193569484161,2
SIM042,15,C5,-0.193569484161,4
SIM042,16,C1,-0.193569484161,2
SIM042,17,C4,-0.193569484161,3
SIM042,18,C5,-0.193569484161,4
SIM042,19,C4,-0.193569484161,2
SIM042,20,C3,-0.193569484161,2
SIM042,21,C1,-0.193569484161,0
SIM042,22,C0,-0.193569484161,0
SIM042,23,C0,-0.193569484161,3
SIM042,24,C5,-0.193569484161,2
SIM042,25,C2,-0.193569484161,0
SIM042,26,C0,-0.193569484161,1
SIM042,27,C5,-0.193569484161,2
SIM042,28,C0,-0.193569484161,1
SIM042,29,C4,-0.193569484161,4
SIM043,0,C2,0.0290684425225,2
SIM043,1,C3,0.0290684425225,3
SIM043,2,C2,0.0290684425225,2
SIM043,3,C5,0.0290684425225,3
SIM043,4,C1,0.0290684425225,2
SIM043,5,C5,0.0290684425225,4
SIM043,6,C0,0.0290684425225,1
SIM043,7,C4,0.0290684425225,2
SIM043,8,C2,0.0290684425225,2
SIM043,9,C0,0.0290684425225,1
SIM043,10,C1,0.0290684425225,2
SIM043,11,C2,0.0290684425225,1
SIM043,12,C1,0.0290684425225,2
SIM043,13,C1,0.0290684425225,2
SIM043,14,C3,0.0290684425225,1
SIM043,15,C0,0.0290684425225,0
SIM043,16,C5,0.0290684425225,3
SIM043,17,C0,0.0290684425225,1
SIM043,18,C3,0.0290684425225,2
SIM043,19,C0,0.0290684425225,1
SIM043,20,C4,0.0290684425225,1
SIM043,21,C5,0.0290684425225,4
SIM043,22,C4,0.0290684425225,2
SIM043,23,C2,0.0290684425225,4
SIM043,24,C4,0.0290684425225,3
SIM043,25,C3,0.0290684425225,2
SIM043,26,C3,0.0290684425225,2
SIM043,27,C5,0.0290684425225,4
SIM043,28,C4,0.0290684425225,3
SIM043,29,C1,0.0290684425225,1
SIM044,0,C3,-1.59571132969,3
SIM044,1,C4,-1.59571132969,2
SIM044,2,C1,-1.59571132969,2
SIM044,3,C1,-1.59571132969,3
SIM044,4,C0,-1.59571132969,3
SIM044,5,C3,-1.59571132969,3
SIM044,6,C2,-1.59571132969,3
SIM044,7,C4,-1.59571132969,3
SIM044,8,C5,-1.59571132969,4
SIM044,9,C4,-1.59571132969,2
SIM044,10,C0,-1.59571132969,2
SIM044,11,C0,-1.59571132969,2
SIM044,12,C2,-1.59571132969,1
SIM044,13,C2,-1.59571132969,3
SIM044,14,C0,-1.59571132969,1
SIM044,15,C4,-1.59571132969,4
SIM044,16,C5,-1.59571132969,1
SIM044,17,C3,-1.59571132969,3
SIM044,18,C1,-1.59571132969,0
SIM044,19,C5,-1.59571132969,4
SIM044,20,C1,-1.59571132969,2
SIM044,21,C0,-1.59571132969,1
SIM044,22,C4,-1.59571132969,3
SIM044,23,C3,-1.59571132969,4
SIM044,24,C3,-1.59571132969,3
SIM044,25,C1,-1.59571132969,2
SIM044,26,C5,-1.59571132969,3
SIM044,27,C2,-1.59571132969,1
SIM044,28,C5,-1.59571132969,2
SIM044,29,C2,-1.59571132969,1
SIM045,0,C3,-1.45381629104,2
SIM045,1,C3,-1.45381629104,3
SIM045,2,C1,-1.45381629104,1
SIM045,3,C4,-1.45381629104,2
SIM045,4,C0,-1.45381629104,1
SIM045,5,C3,-1.45381629104,2
SIM045,6,C4,-1.45381629104,2
SIM045,7,C4,-1.45381629104,2
SIM045,8,C2,-1.45381629104,1
SIM045,9,C1,-1.45381629104,2
SIM045,10,C0,-1.45381629104,1
SIM045,11,C5,-1.45381629104,4
SIM045,12,C5,-1.45381629104,3
SIM045,13,C2,-1.45381629104,0
SIM045,14,C3,-1.45381629104,2
SIM045,15,C1,-1.45381629104,2
SIM045,16,C2,-1.45381629104,4
SIM045,17,C4,-1.45381629104,2
SIM045,18,C5,-1.45381629104,2
SIM045,19,C0,-1.45381629104,0
SIM045,20,C2,-1.45381629104,1
SIM045,21,C1,-1.45381629104,1
SIM045,22,C5,-1.45381629104,2
SIM045,23,C0,-1.45381629104,0
SIM045,24,C0,-1.45381629104,0
SIM045,25,C2,-1.45381629104,1
SIM045,26,C1,-1.45381629104,1
SIM045,27,C5,-1.45381629104,4
SIM045,28,C4,-1.45381629104,2
SIM045,29,C3,-1.45381629104,4
SIM046,0,C5,1.97634512177,1
SIM046,1,C3,1.97634512177,2
SIM046,2,C2,1.97634512177,0
SIM046,3,C4,1.97634512177,2
SIM046,4,C0,1.97634512177,1
SIM046,5,C0,1.97634512177,0
SIM046,6,C4,1.97634512177,2
SIM046,7,C1,1.97634512177,1
SIM046,8,C5,1.97634512177,3
SIM046,9,C1,1.97634512177,0
SIM046,10,C1,1.97634512177,0
SIM046,11,C5,1.97634512177,2
SIM046,12,C2,1.97634512177,0
SIM046,13,C0,1.97634512177,0
SIM046,14,C3,1.97634512177,1
SIM046,15,C4,1.97634512177,0
SIM046,16,C2,1.97634512177,2
SIM046,17,C1,1.97634512177,1
SIM046,18,C5,1.97634512177,0
SIM046,19,C2,1.97634512177,1
SIM046,20,C4,1.97634512177,3
SIM046,21,C2,1.97634512177,1
SIM046,22,C3,1.97634512177,1
SIM046,23,C3,1.97634512177,2
SIM046,24,C0,1.97634512177,0
SIM046,25,C0,1.97634512177,0
SIM046,26,C1,1.97634512177,0
SIM046,27,C3,1.97634512177,1
SIM046,28,C4,1.97634512177,1
SIM046,29,C5,1.97634512177,2
SIM047,0,C2,0.280680380689,2
SIM047,1,C3,0.280680380689,4
SIM047,2,C5,0.280680380689,4
SIM047,3,C1,0.280680380689,2
SIM047,4,C0,0.280680380689,2
SIM047,5,C0,0.280680380689,4
SIM047,6,C3,0.280680380689,4
SIM047,7,C3,0.280680380689,3
SIM047,8,C3,0.280680380689,2
SIM047,9,C0,0.280680380689,1
SIM047,10,C4,0.280680380689,4
SIM047,11,C4,0.280680380689,3
SIM047,12,C4,0.280680380689,4
SIM047,13,C3,0.280680380689,3
SIM047,14,C1,0.280680380689,3
SIM047,15,C1,0.280680380689,3
SIM047,16,C2,0.280680380689,4
SIM047,17,C1,0.280680380689,3
SIM047,18,C2,0.280680380689,3
SIM047,19,C2,0.280680380689,2
SIM047,20,C4,0.280680380689,4
SIM047,21,C1,0.280680380689,3
SIM047,22,C4,0.280680380689,2
SIM047,23,C5,0.280680380689,3
SIM047,24,C5,0.280680380689,2
SIM047,25,C5,0.280680380689,4
SIM047,26,C0,0.280680380689,1
SIM047,27,C2,0.280680380689,4
SIM047,28,C5,0.280680380689,4
SIM047,29,C0,,1
SIM048,0,C0,-0.758241231455,0
SIM048,1,C3,-0.758241231455,3
SIM048,2,C4,-0.758241231455,4
SIM048,3,C1,-0.758241231455,2
SIM048,4,C1,-0.758241231455,2
SIM048,5,C5,-0.758241231455,4
SIM048,6,C0,-0.758241231455,3
SIM048,7,C1,-0.758241231455,1
SIM048,8,C2,-0.758241231455,2
SIM048,9,C0,-0.758241231455,2
SIM048,10,C4,-0.758241231455,2
SIM048,11,C2,-0.758241231455,2
SIM048,12,C5,-0.758241231455,3
SIM048,13,C2,-0.758241231455,2
SIM048,14,C1,-0.758241231455,2
SIM048,15,C4,-0.758241231455,4
SIM048,16,C5,-0.758241231455,2
SIM048,17,C5,-0.758241231455,4
SIM048,18,C2,-0.758241231455,3
SIM048,19,C2,-0.758241231455,2
SIM048,20,C0,-0.758241231455,3
SIM048,21,C5,-0.758241231455,4
SIM048,22,C1,-0.758241231455,2
SIM048,23,C3,-0.758241231455,3
SIM048,24,C3,-0.758241231455,4
SIM048,25,C0,-0.758241231455,3
SIM048,26,C4,-0.758241231455,3
SIM048,27,C3,-0.758241231455,2
SIM048,28,C3,-0.758241231455,3
SIM048,29,C4,,3
SIM049,0,C4,1.77673003539,3
SIM049,1,C1,1.77673003539,1
SIM049,2,C0,1.77673003539,1
SIM049,3,C1,1.77673003539,1
SIM049,4,C4,1.77673003539,2
SIM049,5,C4,1.77673003539,3
SIM049,6,C5,1.77673003539,2
SIM049,7,C5,1.77673003539,2
SIM049,8,C3,1.77673003539,3
SIM049,9,C2,1.77673003539,2
SIM049,10,C1,1.77673003539,1
SIM049,11,C5,1.77673003539,1
SIM049,12,C2,1.77673003539,1
SIM049,13,C0,1.77673003539,2
SIM049,14,C4,1.77673003539,2
SIM049,15,C4,1.77673003539,2
SIM049,16,C3,1.77673003539,1
SIM049,17,C0,1.77673003539,1
SIM049,18,C0,1.77673003539,0
SIM049,19,C3,1.77673003539,2
SIM049,20,C1,,1
SIM049,21,C1,1.77673003539,0
SIM049,22,C5,1.77673003539,4
SIM049,23,C2,1.77673003539,1
SIM049,24,C2,1.77673003539,2
SIM049,25,C3,1.77673003539,1
SIM049,26,C3,1.77673003539,3
SIM049,27,C0,1.77673003539,0
SIM049,28,C2,1.77673003539,1
SIM049,29,C5,1.77673003539,2
SIM050,0,C3,1.32687276379,4
SIM050,1,C3,1.32687276379,3
SIM050,2,C2,1.32687276379,3
SIM050,3,C1,1.32687276379,3
SIM050,4,C0,1.32687276379,4
SIM050,5,C2,1.32687276379,4
SIM050,6,C3,1.32687276379,4
SIM050,7,C2,1.32687276379,3
SIM050,8,C0,1.32687276379,4
SIM050,9,C0,1.32687276379,3
SIM050,10,C3,1.32687276379,2
SIM050,11,C5,1.32687276379,2
SIM050,12,C4,1.32687276379,4
SIM050,13,C1,1.32687276379,3
SIM050,14,C1,1.32687276379,3
SIM050,15,C0,1.32687276379,2
SIM050,16,C4,1.32687276379,4
SIM050,17,C4,1.32687276379,4
SIM050,18,C5,1.32687276379,4
SIM050,19,C0,1.32687276379,3
SIM050,20,C4,1.32687276379,3
SIM050,21,C5,1.32687276379,4
SIM050,22,C5,1.32687276379,4
SIM050,23,C4,1.32687276379,4
SIM050,24,C5,1.32687276379,4
SIM050,25,C2,1.32687276379,3
SIM050,26,C1,1.32687276379,4
SIM050,27,C3,1.32687276379,3
SIM050,28,C2,1.32687276379,4
SIM050,29,C1,1.32687276379,4
SIM051,0,C4,1.94653778154,3
SIM051,1,C5,1.94653778154,3
SIM051,2,C3,1.94653778154,2
SIM051,3,C0,1.94653778154,1
SIM051,4,C5,1.94653778154,1
SIM051,5,C2,1.94653778154,1
SIM051,6,C5,1.94653778154,3
SIM051,7,C0,1.94653778154,2
SIM051,8,C3,1.94653778154,1
SIM051,9,C1,1.94653778154,2
SIM051,10,C1,1.94653778154,3
SIM051,11,C5,1.94653778154,3
SIM051,12,C3,1.94653778154,4
SIM051,13,C0,1.94653778154,1
SIM051,14,C4,1.94653778154,3
SIM051,15,C1,1.94653778154,1
SIM051,16,C2,1.94653778154,4
SIM051,17,C0,1.94653778154,1
SIM051,18,C0,1.94653778154,0
SIM051,19,C4,1.94653778154,3
SIM051,20,C2,1.94653778154,2
SIM051,21,C4,1.94653778154,4
SIM051,22,C1,1.94653778154,0
SIM051,23,C1,1.94653778154,1
SIM051,24,C2,1.94653778154,3
SIM051,25,C2,1.94653778154,1
SIM051,26,C3,1.94653778154,1
SIM051,27,C3,1.94653778154,2
SIM051,28,C5,1.94653778154,4
SIM051,29,C4,1.94653778154,2
SIM052,0,C1,-0.211145496418,1
SIM052,1,C4,-0.211145496418,4
SIM052,2,C4,-0.211145496418,3
SIM052,3,C1,-0.211145496418,1
SIM052,4,C5,-0.211145496418,2
SIM052,5,C0,-0.211145496418,1
SIM052,6,C2,-0.211145496418,1
SIM052,7,C3,-0.211145496418,4
SIM052,8,C2,-0.211145496418,1
SIM052,9,C5,-0.211145496418,1
SIM052,10,C2,-0.211145496418,0
SIM052,11,C5,-0.211145496418,3
SIM052,12,C4,-0.211145496418,2
SIM052,13,C5,-0.211145496418,2
SIM052,14,C1,-0.211145496418,1
SIM052,15,C0,-0.211145496418,1
SIM052,16,C3,-0.211145496418,2
SIM052,17,C4,-0.211145496418,2
SIM052,18,C2,-0.211145496418,0
SIM052,19,C3,-0.211145496418,3
SIM052,20,C0,-0.211145496418,0
SIM052,21,C3,-0.211145496418,3
SIM052,22,C2,-0.211145496418,1
SIM052,23,C0,-0.211145496418,1
SIM052,24,C5,-0.211145496418,2
SIM052,25,C4,-0.211145496418,2
SIM052,26,C0,-0.211145496418,0
SIM052,27,C1,-0.211145496418,1
SIM052,28,C1,-0.211145496418,2
SIM052,29,C3,-0.211145496418,2
SIM053,0,C4,-0.113648869417,4
SIM053,1,C2,-0.113648869417,2
SIM053,2,C3,-0.113648869417,1
SIM053,3,C5,-0.113648869417,3
SIM053,4,C0,-0.113648869417,1
SIM053,5,C4,-0.113648869417,3
SIM053,6,C5,-0.113648869417,2
SIM053,7,C1,-0.113648869417,1
SIM053,8,C0,-0.113648869417,1
SIM053,9,C5,-0.113648869417,2
SIM053,10,C2,-0.113648869417,3
SIM053,11,C0,-0.113648869417,1
SIM053,12,C3,-0.113648869417,3
SIM053,13,C4,-0.113648869417,3
SIM053,14,C5,-0.113648869417,2
SIM053,15,C1,-0.113648869417,2
SIM053,16,C3,,2
SIM053,17,C4,-0.113648869417,3
SIM053,18,C4,-0.113648869417,4
SIM053,19,C1,-0.113648869417,3
SIM053,20,C2,-0.113648869417,2
SIM053,21,C5,-0.113648869417,3
SIM053,22,C1,-0.113648869417,0
SIM053,23,C3,-0.113648869417,2
SIM053,24,C0,-0.113648869417,1
SIM053,25,C1,-0.113648869417,1
SIM053,26,C3,-0.113648869417,3
SIM053,27,C2,-0.113648869417,1
SIM053,28,C2,-0.113648869417,3
SIM053,29,C0,-0.113648869417,3
SIM054,0,C3,-1.77484129175,3
SIM054,1,C0,-1.77484129175,4
SIM054,2,C4,-1.77484129175,3
SIM054,3,C2,-1.77484129175,3
SIM054,4,C4,-1.77484129175,3
SIM054,5,C3,,3
SIM054,6,C0,-1.77484129175,2
SIM054,7,C3,,4
SIM054,8,C0,-1.77484129175,1
SIM054,9,C4,,3
SIM054,10,C5,-1.77484129175,4
SIM054,11,C5,-1.77484129175,3
SIM054,12,C2,-1.77484129175,4
SIM054,13,C5,-1.77484129175,3
SIM054,14,C5,-1.77484129175,4
SIM054,15,C0,-1.77484129175,3
SIM054,16,C0,-1.77484129175,2
SIM054,17,C4,-1.77484129175,3
SIM054,18,C2,-1.77484129175,2
SIM054,19,C3,-1.77484129175,4
SIM054,20,C1,-1.77484129175,4
SIM054,21,C1,-1.77484129175,3
SIM054,22,C1,-1.77484129175,2
SIM054,23,C2,-1.77484129175,3
SIM054,24,C1,-1.77484129175,4
SIM054,25,C1,-1.77484129175,4
SIM054,26,C3,-1.77484129175,4
SIM054,27,C2,-1.77484129175,4
SIM054,28,C5,-1.77484129175,4
SIM054,29,C4,-1.77484129175,4
SIM055,0,C4,1.6227487801,3
SIM055,1,C4,1.6227487801,1
SIM055,2,C2,1.6227487801,3
SIM055,3,C4,1.6227487801,3
SIM055,4,C2,1.6227487801,3
SIM055,5,C5,1.6227487801,4
SIM055,6,C5,1.6227487801,3
SIM055,7,C2,1.6227487801,2
SIM055,8,C5,1.6227487801,2
SIM055,9,C2,1.6227487801,0
SIM055,10,C4,1.6227487801,3
SIM055,11,C0,1.6227487801,1
SIM055,12,C4,1.6227487801,3
SIM055,13,C5,1.6227487801,4
SIM055,14,C0,1.6227487801,1
SIM055,15,C5,1.6227487801,3
SIM055,16,C3,1.6227487801,1
SIM055,17,C1,1.6227487801,1
SIM055,18,C3,1.6227487801,0
SIM055,19,C3,1.6227487801,3
SIM055,20,C1,1.6227487801,1
SIM055,21,C0,1.6227487801,2
SIM055,22,C0,1.6227487801,1
SIM055,23,C1,1.6227487801,2
SIM055,24,C3,1.6227487801,2
SIM055,25,C1,,2
SIM055,26,C1,1.6227487801,0
SIM055,27,C0,1.6227487801,0
SIM055,28,C2,1.6227487801,2
SIM055,29,C3,1.6227487801,3
SIM056,0,C2,-1.73412365459,3
SIM056,1,C3,-1.73412365459,4
SIM056,2,C4,-1.73412365459,2
SIM056,3,C4,-1.73412365459,4
SIM056,4,C4,-1.73412365459,2
SIM056,5,C1,-1.73412365459,0
SIM056,6,C1,-1.73412365459,2
SIM056,7,C2,,4
SIM056,8,C0,-1.73412365459,3
SIM056,9,C3,-1.73412365459,4
SIM056,10,C2,-1.73412365459,3
SIM056,11,C5,-1.73412365459,2
SIM056,12,C2,-1.73412365459,3
SIM056,13,C5,-1.73412365459,3
SIM056,14,C4,-1.73412365459,3
SIM056,15,C1,-1.73412365459,1
SIM056,16,C2,-1.73412365459,1
SIM056,17,C0,-1.73412365459,2
SIM056,18,C0,-1.73412365459,1
SIM056,19,C3,-1.73412365459,3
SIM056,20,C3,-1.73412365459,1
SIM056,21,C0,-1.73412365459,2
SIM056,22,C0,-1.73412365459,2
SIM056,23,C5,-1.73412365459,2
SIM056,24,C4,-1.73412365459,3
SIM056,25,C1,-1.73412365459,2
SIM056,26,C5,-1.73412365459,3
SIM056,27,C1,-1.73412365459,2
SIM056,28,C5,-1.73412365459,4
SIM056,29,C3,-1.73412365459,2
SIM057,0,C4,1.25158077383,4
SIM057,1,C5,1.25158077383,3
SIM057,2,C3,1.25158077383,4
SIM057,3,C4,1.25158077383,3
SIM057,4,C1,1.25158077383,2
SIM057,5,C0,1.25158077383,1
SIM057,6,C5,1.25158077383,4
SIM057,7,C3,1.25158077383,4
SIM057,8,C4,1.25158077383,4
SIM057,9,C2,1.25158077383,4
SIM057,10,C3,1.25158077383,1
SIM057,11,C2,,1
SIM057,12,C4,1.25158077383,4
SIM057,13,C2,1.25158077383,4
SIM057,14,C0,1.25158077383,3
SIM057,15,C0,1.25158077383,1
SIM057,16,C0,1.25158077383,2
SIM057,17,C2,1.25158077383,2
SIM057,18,C3,1.25158077383,3
SIM057,19,C5,1.25158077383,4
SIM057,20,C3,1.25158077383,4
SIM057,21,C1,1.25158077383,1
SIM057,22,C1,1.25158077383,3
SIM057,23,C4,1.25158077383,3
SIM057,24,C2,1.25158077383,2
SIM057,25,C5,1.25158077383,3
SIM057,26,C1,1.25158077383,2
SIM057,27,C0,1.25158077383,1
SIM057,28,C5,1.25158077383,3
SIM057,29,C1,1.25158077383,2
SIM058,0,C5,-0.824653298534,3
SIM058,1,C5,-0.824653298534,3
SIM058,2,C0,-0.824653298534,0
SIM058,3,C1,-0.824653298534,0
SIM058,4,C4,-0.824653298534,1
SIM058,5,C0,-0.824653298534,0
SIM058,6,C3,-0.824653298534,3
SIM058,7,C2,-0.824653298534,0
SIM058,8,C4,-0.824653298534,3
SIM058,9,C5,-0.824653298534,2
SIM058,10,C5,-0.824653298534,1
SIM058,11,C0,-0.824653298534,0
SIM058,12,C1,-0.824653298534,2
SIM058,13,C4,-0.824653298534,1
SIM058,14,C3,-0.824653298534,2
SIM058,15,C4,-0.824653298534,1
SIM058,16,C0,-0.824653298534,2
SIM058,17,C3,-0.824653298534,0
SIM058,18,C2,-0.824653298534,2
SIM058,19,C3,-0.824653298534,1
SIM058,20,C0,-0.824653298534,1
SIM058,21,C2,-0.824653298534,1
SIM058,22,C4,-0.824653298534,2
SIM058,23,C1,-0.824653298534,1
SIM058,24,C2,-0.824653298534,1
SIM058,25,C1,-0.824653298534,1
SIM058,26,C3,-0.824653298534,0
SIM058,27,C5,-0.824653298534,2
SIM058,28,C2,-0.824653298534,1
SIM058,29,C1,-0.824653298534,0
SIM059,0,C1,-1.27054111905,3
SIM059,1,C2,-1.27054111905,4
SIM059,2,C4,-1.27054111905,2
SIM059,3,C1,-1.27054111905,4
SIM059,4,C5,-1.27054111905,4
SIM059,5,C1,-1.27054111905,3
SIM059,6,C5,-1.27054111905,3
SIM059,7,C5,-1.27054111905,4
SIM059,8,C1,-1.27054111905,2
SIM059,9,C3,-1.27054111905,3
SIM059,10,C2,-1.27054111905,3
SIM059,11,C2,-1.27054111905,2
SIM059,12,C3,-1.27054111905,3
SIM059,13,C0,-1.27054111905,3
SIM059,14,C0,-1.27054111905,2
SIM059,15,C3,-1.27054111905,0
SIM059,16,C3,-1.27054111905,3
SIM059,17,C2,-1.27054111905,2
SIM059,18,C4,-1.27054111905,4
SIM059,19,C0,,2
SIM059,20,C1,-1.27054111905,2
SIM059,21,C0,-1.27054111905,2
SIM059,22,C2,-1.27054111905,4
SIM059,23,C3,,3
SIM059,24,C5,-1.27054111905,3
SIM059,25,C5,-1.27054111905,4
SIM059,26,C4,-1.27054111905,2
SIM059,27,C4,-1.27054111905,4
SIM059,28,C4,-1.27054111905,1
SIM059,29,C0,-1.27054111905,1
SIM060,0,C2,-1.17762341414,3
SIM060,1,C3,-1.17762341414,4
SIM060,2,C5,-1.17762341414,3
SIM060,3,C1,-1.17762341414,2
SIM060,4,C2,-1.17762341414,1
SIM060,5,C5,-1.17762341414,4
SIM060,6,C0,-1.17762341414,2
SIM060,7,C1,-1.17762341414,2
SIM060,8,C4,-1.17762341414,3
SIM060,9,C1,-1.17762341414,2
SIM060,10,C3,-1.17762341414,3
SIM060,11,C4,-1.17762341414,2
SIM060,12,C1,-1.17762341414,2
SIM060,13,C3,-1.17762341414,3
SIM060,14,C2,-1.17762341414,4
SIM060,15,C3,-1.17762341414,4
SIM060,16,C4,-1.17762341414,4
SIM060,17,C3,-1.17762341414,2
SIM060,18,C5,-1.17762341414,4
SIM060,19,C1,-1.17762341414,1
SIM060,20,C2,-1.17762341414,2
SIM060,21,C4,-1.17762341414,3
SIM060,22,C4,-1.17762341414,4
SIM060,23,C5,-1.17762341414,4
SIM060,24,C0,-1.17762341414,1
SIM060,25,C0,-1.17762341414,0
SIM060,26,C5,-1.17762341414,4
SIM060,27,C0,-1.17762341414,3
SIM060,28,C2,-1.17762341414,1
SIM060,29,C0,-1.17762341414,3
SIM061,0,C3,-1.00886651594,1
SIM061,1,C2,-1.00886651594,2
SIM061,2,C1,-1.00886651594,1
SIM061,3,C0,-1.00886651594,0
SIM061,4,C4,-1.00886651594,4
SIM061,5,C5,-1.00886651594,4
SIM061,6,C4,-1.00886651594,3
SIM061,7,C3,,1
SIM061,8,C4,-1.00886651594,3
SIM061,9,C5,-1.00886651594,4
SIM061,10,C0,-1.00886651594,1
SIM061,11,C0,-1.00886651594,0
SIM061,12,C3,-1.00886651594,2
SIM061,13,C3,-1.00886651594,2
SIM061,14,C1,-1.00886651594,0
SIM061,15,C4,-1.00886651594,4
SIM061,16,C1,-1.00886651594,1
SIM061,17,C5,-1.00886651594,4
SIM061,18,C2,-1.00886651594,3
SIM061,19,C4,-1.00886651594,2
SIM061,20,C1,-1.00886651594,3
SIM061,21,C3,-1.00886651594,3
SIM061,22,C5,-1.00886651594,3
SIM061,23,C2,-1.00886651594,1
SIM061,24,C1,-1.00886651594,0
SIM061,25,C0,-1.00886651594,0
SIM061,26,C2,-1.00886651594,1
SIM061,27,C0,-1.00886651594,1
SIM061,28,C2,-1.00886651594,3
SIM061,29,C5,-1.00886651594,3
SIM062,0,C2,1.05026070486,2
SIM062,1,C1,1.05026070486,1
SIM062,2,C2,1.05026070486,3
SIM062,3,C1,1.05026070486,0
SIM062,4,C0,1.05026070486,2
SIM062,5,C5,1.05026070486,3
SIM062,6,C3,1.05026070486,3
SIM062,7,C2,1.05026070486,3
SIM062,8,C4,1.05026070486,4
SIM062,9,C4,1.05026070486,3
SIM062,10,C1,1.05026070486,0
SIM062,11,C2,1.05026070486,1
SIM062,12,C1,1.05026070486,1
SIM062,13,C4,1.05026070486,4
SIM062,14,C0,1.05026070486,2
SIM062,15,C2,1.05026070486,2
SIM062,16,C3,1.05026070486,3
SIM062,17,C3,1.05026070486,4
SIM062,18,C3,1.05026070486,3
SIM062,19,C5,1.05026070486,4
SIM062,20,C0,1.05026070486,2
SIM062,21,C5,1.05026070486,2
SIM062,22,C0,1.05026070486,2
SIM062,23,C5,1.05026070486,3
SIM062,24,C5,1.05026070486,3
SIM062,25,C4,1.05026070486,4
SIM062,26,C1,1.05026070486,0
SIM062,27,C0,1.05026070486,2
SIM062,28,C4,1.05026070486,2
SIM062,29,C3,1.05026070486,2
SIM063,0,C3,0.153593000242,4
SIM063,1,C2,0.153593000242,4
SIM063,2,C0,0.153593000242,2
SIM063,3,C4,0.153593000242,4
SIM063,4,C5,0.153593000242,4
SIM063,5,C2,0.153593000242,3
SIM063,6,C5,0.153593000242,4
SIM063,7,C4,0.153593000242,2
SIM063,8,C3,0.153593000242,4
SIM063,9,C2,0.153593000242,2
SIM063,10,C1,0.153593000242,4
SIM063,11,C4,0.153593000242,3
SIM063,12,C0,0.153593000242,1
SIM063,13,C0,0.153593000242,2
SIM063,14,C0,0.153593000242,3
SIM063,15,C3,0.153593000242,3
SIM063,16,C0,0.153593000242,0
SIM063,17,C3,0.153593000242,2
SIM063,18,C1,0.153593000242,2
SIM063,19,C3,0.153593000242,3
SIM063,20,C1,0.153593000242,2
SIM063,21,C4,0.153593000242,3
SIM063,22,C5,0.153593000242,3
SIM063,23,C4,0.153593000242,4
SIM063,24,C5,0.153593000242,3
SIM063,25,C1,0.153593000242,2
SIM063,26,C2,0.153593000242,1
SIM063,27,C2,0.153593000242,3
SIM063,28,C5,0.153593000242,4
SIM063,29,C1,0.153593000242,3
SIM064,0,C1,-0.422979047563,1
SIM064,1,C3,-0.422979047563,2
SIM064,2,C2,-0.422979047563,1
SIM064,3,C5,-0.422979047563,2
SIM064,4,C4,-0.422979047563,3
SIM064,5,C0,-0.422979047563,3
SIM064,6,C3,-0.422979047563,0
SIM064,7,C1,-0.422979047563,1
SIM064,8,C0,-0.422979047563,1
SIM064,9,C0,-0.422979047563,0
SIM064,10,C5,-0.422979047563,0
SIM064,11,C4,-0.422979047563,2
SIM064,12,C3,-0.422979047563,0
SIM064,13,C2,-0.422979047563,1
SIM064,14,C1,-0.422979047563,1
SIM064,15,C5,-0.422979047563,2
SIM064,16,C5,-0.422979047563,3
SIM064,17,C1,-0.422979047563,1
SIM064,18,C0,-0.422979047563,2
SIM064,19,C2,-0.422979047563,2
SIM064,20,C2,-0.422979047563,1
SIM064,21,C4,-0.422979047563,2
SIM064,22,C3,-0.422979047563,0
SIM064,23,C5,-0.422979047563,2
SIM064,24,C3,-0.422979047563,3
SIM064,25,C1,-0.422979047563,1
SIM064,26,C4,-0.422979047563,3
SIM064,27,C2,-0.422979047563,0
SIM064,28,C4,-0.422979047563,2
SIM064,29,C0,-0.422979047563,1
SIM065,0,C0,-1.71725761465,0
SIM065,1,C4,-1.71725761465,2
SIM065,2,C4,-1.71725761465,2
SIM065,3,C5,-1.71725761465,4
SIM065,4,C4,-1.71725761465,2
SIM065,5,C4,,3
SIM065,6,C0,-1.71725761465,1
SIM065,7,C1,-1.71725761465,1
SIM065,8,C2,-1.71725761465,1
SIM065,9,C0,-1.71725761465,1
SIM065,10,C3,-1.71725761465,2
SIM065,11,C3,-1.71725761465,2
SIM065,12,C0,-1.71725761465,2
SIM065,13,C3,-1.71725761465,3
SIM065,14,C3,-1.71725761465,2
SIM065,15,C2,-1.71725761465,4
SIM065,16,C5,,3
SIM065,17,C0,-1.71725761465,1
SIM065,18,C5,-1.71725761465,4
SIM065,19,C4,-1.71725761465,2
SIM065,20,C1,-1.71725761465,2
SIM065,21,C1,-1.71725761465,2
SIM065,22,C3,-1.71725761465,0
SIM065,23,C1,-1.71725761465,2
SIM065,24,C2,-1.71725761465,3
SIM065,25,C2,-1.71725761465,2
SIM065,26,C5,-1.71725761465,3
SIM065,27,C5,-1.71725761465,4
SIM065,28,C1,-1.71725761465,1
SIM065,29,C2,-1.71725761465,0
SIM066,0,C5,-1.84297148414,4
SIM066,1,C3,-1.84297148414,4
SIM066,2,C5,-1.84297148414,4
SIM066,3,C1,-1.84297148414,4
SIM066,4,C2,-1.84297148414,3
SIM066,5,C3,-1.84297148414,4
SIM066,6,C2,-1.84297148414,4
SIM066,7,C0,-1.84297148414,3
SIM066,8,C1,-1.84297148414,4
SIM066,9,C2,-1.84297148414,4
SIM066,10,C1,-1.84297148414,4
SIM066,11,C4,-1.84297148414,4
SIM066,12,C4,-1.84297148414,4
SIM066,13,C0,-1.84297148414,4
SIM066,14,C1,-1.84297148414,2
SIM066,15,C1,-1.84297148414,4
SIM066,16,C4,-1.84297148414,4
SIM066,17,C0,-1.84297148414,3
SIM066,18,C3,-1.84297148414,4
SIM066,19,C0,-1.84297148414,1
SIM066,20,C0,-1.84297148414,3
SIM066,21,C3,-1.84297148414,4
SIM066,22,C2,-1.84297148414,4
SIM066,23,C4,-1.84297148414,4
SIM066,24,C3,-1.84297148414,4
SIM066,25,C5,-1.84297148414,4
SIM066,26,C5,-1.84297148414,4
SIM066,27,C2,-1.84297148414,3
SIM066,28,C5,-1.84297148414,4
SIM066,29,C4,-1.84297148414,4
SIM067,0,C5,-0.57691531252,1
SIM067,1,C5,-0.57691531252,3
SIM067,2,C3,-0.57691531252,1
SIM067,3,C2,-0.57691531252,2
SIM067,4,C2,-0.57691531252,2
SIM067,5,C3,-0.57691531252,1
SIM067,6,C2,-0.57691531252,2
SIM067,7,C3,-0.57691531252,1
SIM067,8,C0,-0.57691531252,2
SIM067,9,C4,-0.57691531252,2
SIM067,10,C4,-0.57691531252,3
SIM067,11,C0,-0.57691531252,0
SIM067,12,C5,-0.57691531252,3
SIM067,13,C0,-0.57691531252,0
SIM067,14,C1,-0.57691531252,2
SIM067,15,C5,-0.57691531252,3
SIM067,16,C4,-0.57691531252,3
SIM067,17,C1,-0.57691531252,2
SIM067,18,C3,-0.57691531252,3
SIM067,19,C5,-0.57691531252,4
SIM067,20,C4,-0.57691531252,1
SIM067,21,C1,-0.57691531252,1
SIM067,22,C0,-0.57691531252,0
SIM067,23,C1,-0.57691531252,1
SIM067,24,C2,,0
SIM067,25,C2,-0.57691531252,2
SIM067,26,C3,-0.57691531252,2
SIM067,27,C0,-0.57691531252,1
SIM067,28,C1,-0.57691531252,1
SIM067,29,C4,-0.57691531252,3
SIM068,0,C1,0.146992668327,3
SIM068,1,C1,0.146992668327,2
SIM068,2,C4,0.146992668327,4
SIM068,3,C4,0.146992668327,3
SIM068,4,C5,0.146992668327,4
SIM068,5,C5,0.146992668327,3
SIM068,6,C5,0.146992668327,4
SIM068,7,C2,0.146992668327,4
SIM068,8,C2,0.146992668327,3
SIM068,9,C5,0.146992668327,2
SIM068,10,C2,0.146992668327,3
SIM068,11,C4,0.146992668327,3
SIM068,12,C5,0.146992668327,3
SIM068,13,C1,0.146992668327,2
SIM068,14,C3,0.146992668327,4
SIM068,15,C1,0.146992668327,2
SIM068,16,C3,0.146992668327,3
SIM068,17,C3,0.146992668327,3
SIM068,18,C3,0.146992668327,2
SIM068,19,C4,0.146992668327,4
SIM068,20,C0,0.146992668327,1
SIM068,21,C0,0.146992668327,2
SIM068,22,C1,0.146992668327,4
SIM068,23,C2,0.146992668327,1
SIM068,24,C0,0.146992668327,1
SIM068,25,C2,0.146992668327,2
SIM068,26,C4,0.146992668327,4
SIM068,27,C3,0.146992668327,1
SIM068,28,C0,,3
SIM068,29,C0,0.146992668327,0
SIM069,0,C3,0.267879934796,4
SIM069,1,C2,0.267879934796,2
SIM069,2,C5,0.267879934796,4
SIM069,3,C5,0.267879934796,4
SIM069,4,C2,0.267879934796,3
SIM069,5,C3,0.267879934796,2
SIM069,6,C1,0.267879934796,3
SIM069,7,C4,0.267879934796,4
SIM069,8,C1,0.267879934796,3
SIM069,9,C5,0.267879934796,4
SIM069,10,C5,0.267879934796,3
SIM069,11,C5,0.267879934796,4
SIM069,12,C4,0.267879934796,2
SIM069,13,C3,0.267879934796,3
SIM069,14,C0,0.267879934796,2
SIM069,15,C3,0.267879934796,3
SIM069,16,C1,0.267879934796,3
SIM069,17,C0,0.267879934796,3
SIM069,18,C0,0.267879934796,3
SIM069,19,C1,0.267879934796,3
SIM069,20,C4,0.267879934796,3
SIM069,21,C2,0.267879934796,4
SIM069,22,C4,0.267879934796,2
SIM069,23,C2,0.267879934796,4
SIM069,24,C4,0.267879934796,4
SIM069,25,C0,,2
SIM069,26,C1,0.267879934796,1
SIM069,27,C2,0.267879934796,3
SIM069,28,C0,0.267879934796,3
SIM069,29,C3,0.267879934796,2
SIM070,0,C0,-0.142014872144,2
SIM070,1,C4,-0.142014872144,1
SIM070,2,C2,-0.142014872144,3
SIM070,3,C0,-0.142014872144,2
SIM070,4,C1,-0.142014872144,3
SIM070,5,C2,-0.142014872144,4
SIM070,6,C4,-0.142014872144,4
SIM070,7,C5,-0.142014872144,3
SIM070,8,C3,-0.142014872144,4
SIM070,9,C1,-0.142014872144,3
SIM070,10,C2,-0.142014872144,2
SIM070,11,C1,-0.142014872144,2
SIM070,12,C4,-0.142014872144,3
SIM070,13,C0,-0.142014872144,2
SIM070,14,C5,-0.142014872144,4
SIM070,15,C4,-0.142014872144,2
SIM070,16,C3,-0.142014872144,2
SIM070,17,C0,-0.142014872144,3
SIM070,18,C2,-0.142014872144,2
SIM070,19,C4,-0.142014872144,3
SIM070,20,C1,-0.142014872144,2
SIM070,21,C3,-0.142014872144,4
SIM070,22,C3,-0.142014872144,4
SIM070,23,C5,-0.142014872144,3
SIM070,24,C2,-0.142014872144,3
SIM070,25,C5,-0.142014872144,4
SIM070,26,C3,-0.142014872144,2
SIM070,27,C1,-0.142014872144,2
SIM070,28,C0,-0.142014872144,2
SIM070,29,C5,-0.142014872144,4
SIM071,0,C0,-0.74827418357,2
SIM071,1,C4,-0.74827418357,4
SIM071,2,C2,-0.74827418357,2
SIM071,3,C4,-0.74827418357,4
SIM071,4,C0,-0.74827418357,0
SIM071,5,C5,-0.74827418357,3
SIM071,6,C1,-0.74827418357,2
SIM071,7,C1,-0.74827418357,2
SIM071,8,C3,-0.74827418357,4
SIM071,9,C3,-0.74827418357,3
SIM071,10,C0,-0.74827418357,0
SIM071,11,C2,-0.74827418357,1
SIM071,12,C5,-0.74827418357,2
SIM071,13,C0,-0.74827418357,0
SIM071,14,C4,-0.74827418357,4
SIM071,15,C5,-0.74827418357,3
SIM071,16,C2,-0.74827418357,1
SIM071,17,C3,-0.74827418357,2
SIM071,18,C0,-0.74827418357,1
SIM071,19,C5,-0.74827418357,4
SIM071,20,C2,-0.74827418357,1
SIM071,21,C2,-0.74827418357,1
SIM071,22,C5,-0.74827418357,3
SIM071,23,C3,-0.74827418357,3
SIM071,24,C1,-0.74827418357,2
SIM071,25,C4,-0.74827418357,3
SIM071,26,C1,-0.74827418357,2
SIM071,27,C4,-0.74827418357,3
SIM071,28,C1,-0.74827418357,0
SIM071,29,C3,-0.74827418357,2
SIM072,0,C5,0.0863956546303,3
SIM072,1,C1,0.0863956546303,3
SIM072,2,C5,0.0863956546303,3
SIM072,3,C2,0.0863956546303,2
SIM072,4,C1,0.0863956546303,2
SIM072,5,C2,0.0863956546303,3
SIM072,6,C3,,3
SIM072,7,C4,0.0863956546303,2
SIM072,8,C5,0.0863956546303,4
SIM072,9,C0,0.0863956546303,2
SIM072,10,C2,0.0863956546303,3
SIM072,11,C5,0.0863956546303,4
SIM072,12,C4,0.0863956546303,4
SIM072,13,C4,0.0863956546303,2
SIM072,14,C1,0.0863956546303,2
SIM072,15,C4,0.0863956546303,4
SIM072,16,C1,0.0863956546303,2
SIM072,17,C1,0.0863956546303,1
SIM072,18,C3,0.0863956546303,4
SIM072,19,C0,0.0863956546303,4
SIM072,20,C3,0.0863956546303,4
SIM072,21,C3,0.0863956546303,3
SIM072,22,C0,0.0863956546303,4
SIM072,23,C0,0.0863956546303,2
SIM072,24,C5,0.0863956546303,4
SIM072,25,C4,0.0863956546303,4
SIM072,26,C3,0.0863956546303,4
SIM072,27,C2,0.0863956546303,3
SIM072,28,C0,0.0863956546303,1
SIM072,29,C2,0.0863956546303,2
SIM073,0,C3,0.678414085666,3
SIM073,1,C5,0.678414085666,4
SIM073,2,C0,0.678414085666,2
SIM073,3,C5,0.678414085666,3
SIM073,4,C3,0.678414085666,2
SIM073,5,C0,0.678414085666,3
SIM073,6,C2,0.678414085666,2
SIM073,7,C3,0.678414085666,2
SIM073,8,C4,0.678414085666,3
SIM073,9,C3,0.678414085666,4
SIM073,10,C1,0.678414085666,2
SIM073,11,C0,0.678414085666,1
SIM073,12,C4,0.678414085666,2
SIM073,13,C5,0.678414085666,4
SIM073,14,C1,0.678414085666,2
SIM073,15,C4,,4
SIM073,16,C1,0.678414085666,1
SIM073,17,C0,0.678414085666,4
SIM073,18,C4,0.678414085666,1
SIM073,19,C2,0.678414085666,2
SIM073,20,C0,0.678414085666,2
SIM073,21,C2,0.678414085666,1
SIM073,22,C5,0.678414085666,4
SIM073,23,C2,0.678414085666,4
SIM073,24,C4,0.678414085666,4
SIM073,25,C2,0.678414085666,1
SIM073,26,C5,0.678414085666,3
SIM073,27,C1,0.678414085666,3
SIM073,28,C1,0.678414085666,1
SIM073,29,C3,0.678414085666,3
SIM074,0,C4,0.83207761274,4
SIM074,1,C4,0.83207761274,3
SIM074,2,C2,0.83207761274,4
SIM074,3,C5,0.83207761274,3
SIM074,4,C4,0.83207761274,4
SIM074,5,C1,0.83207761274,4
SIM074,6,C3,0.83207761274,3
SIM074,7,C3,0.83207761274,3
SIM074,8,C5,0.83207761274,3
SIM074,9,C2,0.83207761274,4
SIM074,10,C3,0.83207761274,2
SIM074,11,C5,0.83207761274,4
SIM074,12,C5,0.83207761274,3
SIM074,13,C0,0.83207761274,2
SIM074,14,C0,0.83207761274,3
SIM074,15,C0,0.83207761274,1
SIM074,16,C1,0.83207761274,2
SIM074,17,C1,0.83207761274,1
SIM074,18,C2,0.83207761274,3
SIM074,19,C1,0.83207761274,3
SIM074,20,C3,0.83207761274,3
SIM074,21,C4,0.83207761274,3
SIM074,22,C5,0.83207761274,2
SIM074,23,C4,0.83207761274,3
SIM074,24,C1,,3
SIM074,25,C0,0.83207761274,4
SIM074,26,C2,0.83207761274,3
SIM074,27,C3,0.83207761274,4
SIM074,28,C2,0.83207761274,3
SIM074,29,C0,0.83207761274,3
SIM075,0,C3,0.388753716972,1
SIM075,1,C5,0.388753716972,3
SIM075,2,C4,0.388753716972,4
SIM075,3,C4,0.388753716972,2
SIM075,4,C5,0.388753716972,2
SIM075,5,C5,0.388753716972,3
SIM075,6,C0,0.388753716972,0
SIM075,7,C5,0.388753716972,2
SIM075,8,C0,0.388753716972,0
SIM075,9,C3,0.388753716972,4
SIM075,10,C4,0.388753716972,3
SIM075,11,C1,0.388753716972,2
SIM075,12,C3,0.388753716972,3
SIM075,13,C4,0.388753716972,2
SIM075,14,C2,0.388753716972,2
SIM075,15,C2,0.388753716972,2
SIM075,16,C2,0.388753716972,2
SIM075,17,C1,0.388753716972,1
SIM075,18,C3,0.388753716972,3
SIM075,19,C2,0.388753716972,1
SIM075,20,C3,0.388753716972,4
SIM075,21,C1,0.388753716972,0
SIM075,22,C1,0.388753716972,2
SIM075,23,C0,0.388753716972,2
SIM075,24,C4,0.388753716972,2
SIM075,25,C0,0.388753716972,1
SIM075,26,C5,0.388753716972,4
SIM075,27,C0,0.388753716972,0
SIM075,28,C2,0.388753716972,4
SIM075,29,C1,0.388753716972,1
SIM076,0,C3,0.688798347731,3
SIM076,1,C5,0.688798347731,4
SIM076,2,C2,0.688798347731,1
SIM076,3,C1,0.688798347731,1
SIM076,4,C1,0.688798347731,1
SIM076,5,C5,0.688798347731,4
SIM076,6,C0,0.688798347731,2
SIM076,7,C0,0.688798347731,2
SIM076,8,C2,0.688798347731,3
SIM076,9,C3,0.688798347731,4
SIM076,10,C3,0.688798347731,2
SIM076,11,C0,0.688798347731,2
SIM076,12,C4,0.688798347731,4
SIM076,13,C0,0.688798347731,2
SIM076,14,C2,0.688798347731,3
SIM076,15,C5,0.688798347731,4
SIM076,16,C5,0.688798347731,4
SIM076,17,C4,0.688798347731,3
SIM076,18,C3,0.688798347731,2
SIM076,19,C3,0.688798347731,3
SIM076,20,C4,0.688798347731,3
SIM076,21,C4,0.688798347731,3
SIM076,22,C4,0.688798347731,4
SIM076,23,C2,0.688798347731,2
SIM076,24,C2,0.688798347731,3
SIM076,25,C1,0.688798347731,3
SIM076,26,C1,0.688798347731,3
SIM076,27,C1,0.688798347731,3
SIM076,28,C0,0.688798347731,2
SIM076,29,C5,0.688798347731,4
SIM077,0,C0,0.0401915932085,3
SIM077,1,C3,0.0401915932085,2
SIM077,2,C2,,2
SIM077,3,C0,0.0401915932085,3
SIM077,4,C1,0.0401915932085,2
SIM077,5,C2,0.0401915932085,2
SIM077,6,C0,0.0401915932085,2
SIM077,7,C3,0.0401915932085,3
SIM077,8,C5,0.0401915932085,4
SIM077,9,C1,0.0401915932085,1
SIM077,10,C4,0.0401915932085,4
SIM077,11,C2,0.0401915932085,3
SIM077,12,C5,0.0401915932085,3
SIM077,13,C5,0.0401915932085,4
SIM077,14,C5,0.0401915932085,4
SIM077,15,C4,0.0401915932085,3
SIM077,16,C1,0.0401915932085,3
SIM077,17,C4,0.0401915932085,4
SIM077,18,C1,0.0401915932085,4
SIM077,19,C2,0.0401915932085,3
SIM077,20,C0,0.0401915932085,3
SIM077,21,C3,0.0401915932085,1
SIM077,22,C3,0.0401915932085,4
SIM077,23,C0,0.0401915932085,2
SIM077,24,C4,0.0401915932085,4
SIM077,25,C5,0.0401915932085,4
SIM077,26,C3,0.0401915932085,4
SIM077,27,C1,0.0401915932085,4
SIM077,28,C4,,4
SIM077,29,C2,0.0401915932085,4
SIM078,0,C3,0.414288254068,2
SIM078,1,C2,0.414288254068,3
SIM078,2,C4,0.414288254068,2
SIM078,3,C4,0.414288254068,3
SIM078,4,C3,0.414288254068,0
SIM078,5,C4,0.414288254068,4
SIM078,6,C3,0.414288254068,1
SIM078,7,C1,0.414288254068,1
SIM078,8,C1,0.414288254068,3
SIM078,9,C5,0.414288254068,3
SIM078,10,C0,0.414288254068,0
SIM078,11,C1,0.414288254068,2
SIM078,12,C5,0.414288254068,3
SIM078,13,C1,0.414288254068,1
SIM078,14,C3,0.414288254068,1
SIM078,15,C2,0.414288254068,0
SIM078,16,C2,0.414288254068,0
SIM078,17,C3,0.414288254068,1
SIM078,18,C5,0.414288254068,3
SIM078,19,C0,0.414288254068,1
SIM078,20,C0,0.414288254068,0
SIM078,21,C4,0.414288254068,1
SIM078,22,C2,0.414288254068,1
SIM078,23,C1,0.414288254068,1
SIM078,24,C4,0.414288254068,2
SIM078,25,C0,0.414288254068,2
SIM078,26,C0,0.414288254068,0
SIM078,27,C5,0.414288254068,3
SIM078,28,C5,0.414288254068,2
SIM078,29,C2,0.414288254068,2
SIM079,0,C1,1.9578722518,4
SIM079,1,C2,1.9578722518,4
SIM079,2,C0,1.9578722518,3
SIM079,3,C1,1.9578722518,3
SIM079,4,C3,1.9578722518,4
SIM079,5,C2,1.9578722518,3
SIM079,6,C2,1.9578722518,4
SIM079,7,C5,1.9578722518,4
SIM079,8,C5,1.9578722518,4
SIM079,9,C5,1.9578722518,4
SIM079,10,C4,1.9578722518,4
SIM079,11,C4,1.9578722518,4
SIM079,12,C4,1.9578722518,4
SIM079,13,C2,1.9578722518,4
SIM079,14,C3,1.9578722518,4
SIM079,15,C3,1.9578722518,4
SIM079,16,C4,1.9578722518,4
SIM079,17,C0,1.9578722518,4
SIM079,18,C5,1.9578722518,4
SIM079,19,C2,1.9578722518,4
SIM079,20,C0,1.9578722518,3
SIM079,21,C0,1.9578722518,4
SIM079,22,C4,1.9578722518,4
SIM079,23,C5,1.9578722518,4
SIM079,24,C1,1.9578722518,3
SIM079,25,C1,1.9578722518,3
SIM079,26,C3,,4
SIM079,27,C3,1.9578722518,3
SIM079,28,C1,1.9578722518,4
SIM079,29,C0,1.9578722518,4
